absoluteChangeSinceOneWeekAgo,absoluteChangeSinceYesterday,bestVendorBuylist,bestVendorBuylistPrice,cardId,color,countForTrade,fair_price,fullImageUrl,isFoil,lowestPrice,lowestPriceVendor,manna,name,percentageChangeSinceOneWeekAgo,percentageChangeSinceYesterday,quantity,rarity,setName,setUrl,url
-0.06000000238418501,-0.02999997138977,StrikeZone,0.75,AbsorbRavnica_AllegiancefalseNM-M,Gld,0,0.85,http://s.mtgprice.com/sets/Ravnica_Allegiance/img/Absorb.full.jpg,False,0.79,ChannelFireball,WUU,Absorb,-6.593407154083252,-3.409087657928467,0,R,Ravnica_Allegiance,/spoiler_lists/Ravnica_Allegiance,/sets/Ravnica_Allegiance/Absorb
-0.010000001639127001,-0.010000001639127001,ABUGames,0.03,Act_of_TreasonRavnica_AllegiancefalseNM-M,R,0,0.04,http://s.mtgprice.com/sets/Ravnica_Allegiance/img/Act of Treason.full.jpg,False,0.04,TCG Player,2R,Act of Treason,-20.000003814697266,-20.000003814697266,0,C,Ravnica_Allegiance,/spoiler_lists/Ravnica_Allegiance,/sets/Ravnica_Allegiance/Act_of_Treason
0.0,0.0,UNDEFINED,0.0,AeromunculusRavnica_AllegiancefalseNM-M,Gld,0,0.04,http://s.mtgprice.com/sets/Ravnica_Allegiance/img/Aeromunculus.full.jpg,False,0.04,TCG Player,1GU,Aeromunculus,0.0,0.0,0,C,Ravnica_Allegiance,/spoiler_lists/Ravnica_Allegiance,/sets/Ravnica_Allegiance/Aeromunculus
0.0,0.0,ChannelFireball,0.08,AmplifireRavnica_AllegiancefalseNM-M,R,0,0.07,http://s.mtgprice.com/sets/Ravnica_Allegiance/img/Amplifire.full.jpg,False,0.07,TCG Player,2RR,Amplifire,0.0,0.0,0,R,Ravnica_Allegiance,/spoiler_lists/Ravnica_Allegiance,/sets/Ravnica_Allegiance/Amplifire
0.27999997138977,0.290000021457672,Miniature Market,0.65,Angel_of_GraceRavnica_AllegiancefalseNM-M,W,0,1.13,http://s.mtgprice.com/sets/Ravnica_Allegiance/img/Angel of Grace.full.jpg,False,0.69,ChannelFireball,3WW,Angel of Grace,32.94116973876953,34.52381134033203,0,M,Ravnica_Allegiance,/spoiler_lists/Ravnica_Allegiance,/sets/Ravnica_Allegiance/Angel_of_Grace
0.0,0.0,UNDEFINED,0.0,Angelic_ExaltationRavnica_AllegiancefalseNM-M,W,0,0.06,http://s.mtgprice.com/sets/Ravnica_Allegiance/img/Angelic Exaltation.full.jpg,False,0.06,TCG Player,3W,Angelic Exaltation,0.0,0.0,0,U,Ravnica_Allegiance,/spoiler_lists/Ravnica_Allegiance,/sets/Ravnica_Allegiance/Angelic_Exaltation
0.0,0.0,UNDEFINED,0.0,Applied_BiomancyRavnica_AllegiancefalseNM-M,Gld,0,0.02,http://s.mtgprice.com/sets/Ravnica_Allegiance/img/Applied Biomancy.full.jpg,False,0.02,TCG Player,GU,Applied Biomancy,0.0,0.0,0,C,Ravnica_Allegiance,/spoiler_lists/Ravnica_Allegiance,/sets/Ravnica_Allegiance/Applied_Biomancy
0.009999997913837001,0.0,UNDEFINED,0.0,Archway_AngelRavnica_AllegiancefalseNM-M,W,0,0.11,http://s.mtgprice.com/sets/Ravnica_Allegiance/img/Archway Angel.full.jpg,False,0.11,TCG Player,5W,Archway Angel,9.999998092651367,0.0,0,U,Ravnica_Allegiance,/spoiler_lists/Ravnica_Allegiance,/sets/Ravnica_Allegiance/Archway_Angel
0.0,0.0,UNDEFINED,0.0,Arrester's_AdmonitionRavnica_AllegiancefalseNM-M,U,0,0.01,http://s.mtgprice.com/sets/Ravnica_Allegiance/img/Arrester's Admonition.full.jpg,False,0.01,TCG Player,2U,Arrester's Admonition,0.0,0.0,0,C,Ravnica_Allegiance,/spoiler_lists/Ravnica_Allegiance,/sets/Ravnica_Allegiance/Arrester's_Admonition
0.0,0.0,ABUGames,0.03,Arrester's_ZealRavnica_AllegiancefalseNM-M,W,0,0.03,http://s.mtgprice.com/sets/Ravnica_Allegiance/img/Arrester's Zeal.full.jpg,False,0.03,TCG Player,W,Arrester's Zeal,0.0,0.0,0,C,Ravnica_Allegiance,/spoiler_lists/Ravnica_Allegiance,/sets/Ravnica_Allegiance/Arrester's_Zeal
0.020000010728836,0.0,Card Kingdom,0.1,Awaken_the_ErstwhileRavnica_AllegiancefalseNM-M,B,0,0.23,http://s.mtgprice.com/sets/Ravnica_Allegiance/img/Awaken the Erstwhile.full.jpg,False,0.23,TCG Player,3BB,Awaken the Erstwhile,9.523815155029297,0.0,0,R,Ravnica_Allegiance,/spoiler_lists/Ravnica_Allegiance,/sets/Ravnica_Allegiance/Awaken_the_Erstwhile
0.0,0.0,UNDEFINED,0.0,Axebane_BeastRavnica_AllegiancefalseNM-M,G,0,0.02,http://s.mtgprice.com/sets/Ravnica_Allegiance/img/Axebane Beast.full.jpg,False,0.02,TCG Player,3G,Axebane Beast,0.0,0.0,0,C,Ravnica_Allegiance,/spoiler_lists/Ravnica_Allegiance,/sets/Ravnica_Allegiance/Axebane_Beast
0.0,0.0,Card Kingdom,0.05,Azorius_GuildgateRavnica_AllegiancefalseNM-M,Lnd,0,0.18,http://s.mtgprice.com/sets/Ravnica_Allegiance/img/Azorius Guildgate.full.jpg,False,0.15,Miniature Market,,Azorius Guildgate,0.0,0.0,0,C,Ravnica_Allegiance,/spoiler_lists/Ravnica_Allegiance,/sets/Ravnica_Allegiance/Azorius_Guildgate
0.0,0.0,UNDEFINED,0.0,Azorius_Knight-ArbiterRavnica_AllegiancefalseNM-M,Gld,0,0.02,http://s.mtgprice.com/sets/Ravnica_Allegiance/img/Azorius Knight-Arbiter.full.jpg,False,0.02,TCG Player,3WU,Azorius Knight-Arbiter,0.0,0.0,0,C,Ravnica_Allegiance,/spoiler_lists/Ravnica_Allegiance,/sets/Ravnica_Allegiance/Azorius_Knight-Arbiter
-0.009999997913837001,0.0,UNDEFINED,0.0,Azorius_LocketRavnica_AllegiancefalseNM-M,NA,0,0.07,http://s.mtgprice.com/sets/Ravnica_Allegiance/img/Azorius Locket.full.jpg,False,0.07,TCG Player,3,Azorius Locket,-12.499998092651367,0.0,0,C,Ravnica_Allegiance,/spoiler_lists/Ravnica_Allegiance,/sets/Ravnica_Allegiance/Azorius_Locket
0.0,0.0,UNDEFINED,0.0,Azorius_SkyguardRavnica_AllegiancefalseNM-M,Gld,0,0.03,http://s.mtgprice.com/sets/Ravnica_Allegiance/img/Azorius Skyguard.full.jpg,False,0.03,TCG Player,4WU,Azorius Skyguard,0.0,0.0,0,U,Ravnica_Allegiance,/spoiler_lists/Ravnica_Allegiance,/sets/Ravnica_Allegiance/Azorius_Skyguard
0.0,0.0,UNDEFINED,0.0,Bankrupt_in_BloodRavnica_AllegiancefalseNM-M,B,0,0.09,http://s.mtgprice.com/sets/Ravnica_Allegiance/img/Bankrupt in Blood.full.jpg,False,0.09,TCG Player,1B,Bankrupt in Blood,0.0,0.0,0,U,Ravnica_Allegiance,/spoiler_lists/Ravnica_Allegiance,/sets/Ravnica_Allegiance/Bankrupt_in_Blood
0.0,0.0,ABUGames,0.02,Basilica_Bell-HauntRavnica_AllegiancefalseNM-M,Gld,0,0.15,http://s.mtgprice.com/sets/Ravnica_Allegiance/img/Basilica Bell-Haunt.full.jpg,False,0.15,TCG Player,WWBB,Basilica Bell-Haunt,0.0,0.0,0,U,Ravnica_Allegiance,/spoiler_lists/Ravnica_Allegiance,/sets/Ravnica_Allegiance/Basilica_Bell-Haunt
0.0,0.0,UNDEFINED,0.0,BedazzleRavnica_AllegiancefalseNM-M,Gld,0,0.0,http://s.mtgprice.com/sets/Ravnica_Allegiance/img/Bedazzle.full.jpg,False,999999.0,Unknown,4BR,Bedazzle,,,0,R,Ravnica_Allegiance,/spoiler_lists/Ravnica_Allegiance,/sets/Ravnica_Allegiance/Bedazzle
0.0,0.0,UNDEFINED,0.0,BedeckRavnica_AllegiancefalseNM-M,Gld,0,0.0,http://s.mtgprice.com/sets/Ravnica_Allegiance/img/Bedeck.full.jpg,False,999999.0,Unknown,B/RB/R,Bedeck,,,0,R,Ravnica_Allegiance,/spoiler_lists/Ravnica_Allegiance,/sets/Ravnica_Allegiance/Bedeck
0.6100000143051141,0.0,Miniature Market,1.7,BedevilRavnica_AllegiancefalseNM-M,Gld,0,2.49,http://s.mtgprice.com/sets/Ravnica_Allegiance/img/Bedevil.full.jpg,False,1.99,ChannelFireball,BBR,Bedevil,32.44681167602539,0.0,0,R,Ravnica_Allegiance,/spoiler_lists/Ravnica_Allegiance,/sets/Ravnica_Allegiance/Bedevil
-0.020000010728836,-0.049999982118606005,Miniature Market,0.2,Benthic_BiomancerRavnica_AllegiancefalseNM-M,U,0,0.48,http://s.mtgprice.com/sets/Ravnica_Allegiance/img/Benthic Biomancer.full.jpg,False,0.33,StrikeZone,U,Benthic Biomancer,-4.000001907348633,-9.433959007263184,0,R,Ravnica_Allegiance,/spoiler_lists/Ravnica_Allegiance,/sets/Ravnica_Allegiance/Benthic_Biomancer
-0.019999980926513002,-0.019999980926513002,Miniature Market,1.3,Biogenic_OozeRavnica_AllegiancefalseNM-M,G,0,2.14,http://s.mtgprice.com/sets/Ravnica_Allegiance/img/Biogenic Ooze.full.jpg,False,1.85,ChannelFireball,3GG,Biogenic Ooze,-0.925925016403198,-0.925925016403198,0,M,Ravnica_Allegiance,/spoiler_lists/Ravnica_Allegiance,/sets/Ravnica_Allegiance/Biogenic_Ooze
-0.009999997913837001,0.0,UNDEFINED,0.0,Biogenic_UpgradeRavnica_AllegiancefalseNM-M,G,0,0.1,http://s.mtgprice.com/sets/Ravnica_Allegiance/img/Biogenic Upgrade.full.jpg,False,0.1,TCG Player,4GG,Biogenic Upgrade,-9.090907096862793,0.0,0,U,Ravnica_Allegiance,/spoiler_lists/Ravnica_Allegiance,/sets/Ravnica_Allegiance/Biogenic_Upgrade
0.009999990463256002,0.009999990463256002,CoolStuff,0.15,Biomancer's_FamiliarRavnica_AllegiancefalseNM-M,Gld,0,0.42,http://s.mtgprice.com/sets/Ravnica_Allegiance/img/Biomancer's Familiar.full.jpg,False,0.4,ABUGames,GU,Biomancer's Familiar,2.439022064208984,2.439022064208984,0,R,Ravnica_Allegiance,/spoiler_lists/Ravnica_Allegiance,/sets/Ravnica_Allegiance/Biomancer's_Familiar
-0.010000001639127001,0.0,UNDEFINED,0.0,Blade_JugglerRavnica_AllegiancefalseNM-M,B,0,0.04,http://s.mtgprice.com/sets/Ravnica_Allegiance/img/Blade Juggler.full.jpg,False,0.04,TCG Player,4B,Blade Juggler,-20.000003814697266,0.0,0,C,Ravnica_Allegiance,/spoiler_lists/Ravnica_Allegiance,/sets/Ravnica_Allegiance/Blade_Juggler
0.0,0.0,UNDEFINED,0.0,BladebrandRavnica_AllegiancefalseNM-M,B,0,0.03,http://s.mtgprice.com/sets/Ravnica_Allegiance/img/Bladebrand.full.jpg,False,0.03,TCG Player,1B,Bladebrand,0.0,0.0,0,C,Ravnica_Allegiance,/spoiler_lists/Ravnica_Allegiance,/sets/Ravnica_Allegiance/Bladebrand
0.07999992370605401,0.07999992370605401,StrikeZone,12.0,Blood_CryptRavnica_AllegiancefalseNM-M,Lnd,0,13.83,http://s.mtgprice.com/sets/Ravnica_Allegiance/img/Blood Crypt.full.jpg,False,8.49,TrollAndToad,,Blood Crypt,0.581817626953125,0.581817626953125,0,R,Ravnica_Allegiance,/spoiler_lists/Ravnica_Allegiance,/sets/Ravnica_Allegiance/Blood_Crypt
0.0,0.0,UNDEFINED,0.0,Bloodmist_InfiltratorRavnica_AllegiancefalseNM-M,B,0,0.04,http://s.mtgprice.com/sets/Ravnica_Allegiance/img/Bloodmist Infiltrator.full.jpg,False,0.04,TCG Player,2B,Bloodmist Infiltrator,0.0,0.0,0,U,Ravnica_Allegiance,/spoiler_lists/Ravnica_Allegiance,/sets/Ravnica_Allegiance/Bloodmist_Infiltrator
0.0,0.0,UNDEFINED,0.0,Bolrac-Clan_CrusherRavnica_AllegiancefalseNM-M,Gld,0,0.03,http://s.mtgprice.com/sets/Ravnica_Allegiance/img/Bolrac-Clan Crusher.full.jpg,False,0.03,TCG Player,3RG,Bolrac-Clan Crusher,0.0,0.0,0,U,Ravnica_Allegiance,/spoiler_lists/Ravnica_Allegiance,/sets/Ravnica_Allegiance/Bolrac-Clan_Crusher
1.139999389648437,1.09000015258789,StrikeZone,18.0,Breeding_PoolRavnica_AllegiancefalseNM-M,Lnd,0,20.08,http://s.mtgprice.com/sets/Ravnica_Allegiance/img/Breeding Pool.full.jpg,False,19.99,ChannelFireball,,Breeding Pool,6.019003868103027,5.739863872528076,0,R,Ravnica_Allegiance,/spoiler_lists/Ravnica_Allegiance,/sets/Ravnica_Allegiance/Breeding_Pool
0.0,0.0,UNDEFINED,0.0,Bring_to_TrialRavnica_AllegiancefalseNM-M,W,0,0.02,http://s.mtgprice.com/sets/Ravnica_Allegiance/img/Bring to Trial.full.jpg,False,0.02,TCG Player,2W,Bring to Trial,0.0,0.0,0,C,Ravnica_Allegiance,/spoiler_lists/Ravnica_Allegiance,/sets/Ravnica_Allegiance/Bring_to_Trial
0.0,0.0,UNDEFINED,0.0,Burn_BrightRavnica_AllegiancefalseNM-M,R,0,0.02,http://s.mtgprice.com/sets/Ravnica_Allegiance/img/Burn Bright.full.jpg,False,0.02,TCG Player,2R,Burn Bright,0.0,0.0,0,C,Ravnica_Allegiance,/spoiler_lists/Ravnica_Allegiance,/sets/Ravnica_Allegiance/Burn_Bright
0.0,0.0,UNDEFINED,0.0,Burning-Tree_VandalRavnica_AllegiancefalseNM-M,R,0,0.03,http://s.mtgprice.com/sets/Ravnica_Allegiance/img/Burning-Tree Vandal.full.jpg,False,0.03,TCG Player,2R,Burning-Tree Vandal,0.0,0.0,0,C,Ravnica_Allegiance,/spoiler_lists/Ravnica_Allegiance,/sets/Ravnica_Allegiance/Burning-Tree_Vandal
0.38999998569488503,0.0,StrikeZone,1.0,Captive_AudienceRavnica_AllegiancefalseNM-M,Gld,0,1.49,http://s.mtgprice.com/sets/Ravnica_Allegiance/img/Captive Audience.full.jpg,False,0.79,TrollAndToad,5BR,Captive Audience,35.45454406738281,0.0,0,M,Ravnica_Allegiance,/spoiler_lists/Ravnica_Allegiance,/sets/Ravnica_Allegiance/Captive_Audience
0.0,0.0,UNDEFINED,0.0,CarnageRavnica_AllegiancefalseNM-M,Gld,0,0.0,http://s.mtgprice.com/sets/Ravnica_Allegiance/img/Carnage.full.jpg,False,999999.0,Unknown,2BR,Carnage,,,0,U,Ravnica_Allegiance,/spoiler_lists/Ravnica_Allegiance,/sets/Ravnica_Allegiance/Carnage
0.0,0.0,UNDEFINED,0.0,CarnivalRavnica_AllegiancefalseNM-M,Gld,0,0.0,http://s.mtgprice.com/sets/Ravnica_Allegiance/img/Carnival.full.jpg,False,999999.0,Unknown,B/R,Carnival,,,0,U,Ravnica_Allegiance,/spoiler_lists/Ravnica_Allegiance,/sets/Ravnica_Allegiance/Carnival
0.0,0.0,ABUGames,0.03,Carrion_ImpRavnica_AllegiancefalseNM-M,B,0,0.01,http://s.mtgprice.com/sets/Ravnica_Allegiance/img/Carrion Imp.full.jpg,False,0.01,TCG Player,3B,Carrion Imp,0.0,0.0,0,C,Ravnica_Allegiance,/spoiler_lists/Ravnica_Allegiance,/sets/Ravnica_Allegiance/Carrion_Imp
0.0,0.0,ABUGames,0.03,Catacomb_CrocodileRavnica_AllegiancefalseNM-M,B,0,0.02,http://s.mtgprice.com/sets/Ravnica_Allegiance/img/Catacomb Crocodile.full.jpg,False,0.02,TCG Player,4B,Catacomb Crocodile,0.0,0.0,0,C,Ravnica_Allegiance,/spoiler_lists/Ravnica_Allegiance,/sets/Ravnica_Allegiance/Catacomb_Crocodile
-0.019999995827674002,0.0,Card Kingdom,0.05,Cavalcade_of_CalamityRavnica_AllegiancefalseNM-M,R,0,0.11,http://s.mtgprice.com/sets/Ravnica_Allegiance/img/Cavalcade of Calamity.full.jpg,False,0.11,TCG Player,1R,Cavalcade of Calamity,-15.384613037109375,0.0,0,U,Ravnica_Allegiance,/spoiler_lists/Ravnica_Allegiance,/sets/Ravnica_Allegiance/Cavalcade_of_Calamity
0.0,0.7800000309944151,Card Kingdom,0.06,Charging_War_BoarRavnica_AllegiancefalseNM-M,Gld,0,0.91,http://s.mtgprice.com/sets/Ravnica_Allegiance/img/Charging War Boar.full.jpg,False,0.25,Card Kingdom,1RG,Charging War Boar,0.0,600.0000610351562,0,U,Ravnica_Allegiance,/spoiler_lists/Ravnica_Allegiance,/sets/Ravnica_Allegiance/Charging_War_Boar
0.0,0.0,UNDEFINED,0.0,ChillbringerRavnica_AllegiancefalseNM-M,U,0,0.02,http://s.mtgprice.com/sets/Ravnica_Allegiance/img/Chillbringer.full.jpg,False,0.02,TCG Player,4U,Chillbringer,0.0,0.0,0,C,Ravnica_Allegiance,/spoiler_lists/Ravnica_Allegiance,/sets/Ravnica_Allegiance/Chillbringer
-0.049999952316284006,0.0,Miniature Market,0.75,CindervinesRavnica_AllegiancefalseNM-M,Gld,0,0.98,http://s.mtgprice.com/sets/Ravnica_Allegiance/img/Cindervines.full.jpg,False,0.98,TCG Player,RG,Cindervines,-4.8543643951416025,0.0,0,R,Ravnica_Allegiance,/spoiler_lists/Ravnica_Allegiance,/sets/Ravnica_Allegiance/Cindervines
0.0,0.0,UNDEFINED,0.0,Civic_StalwartRavnica_AllegiancefalseNM-M,W,0,0.01,http://s.mtgprice.com/sets/Ravnica_Allegiance/img/Civic Stalwart.full.jpg,False,0.01,TCG Player,3W,Civic Stalwart,0.0,0.0,0,C,Ravnica_Allegiance,/spoiler_lists/Ravnica_Allegiance,/sets/Ravnica_Allegiance/Civic_Stalwart
0.0,0.0,UNDEFINED,0.0,Clamor_ShamanRavnica_AllegiancefalseNM-M,R,0,0.04,http://s.mtgprice.com/sets/Ravnica_Allegiance/img/Clamor Shaman.full.jpg,False,0.04,TCG Player,2R,Clamor Shaman,0.0,0.0,0,U,Ravnica_Allegiance,/spoiler_lists/Ravnica_Allegiance,/sets/Ravnica_Allegiance/Clamor_Shaman
0.0,0.0,UNDEFINED,0.0,Clan_GuildmageRavnica_AllegiancefalseNM-M,Gld,0,0.04,http://s.mtgprice.com/sets/Ravnica_Allegiance/img/Clan Guildmage.full.jpg,False,0.04,TCG Player,RG,Clan Guildmage,0.0,0.0,0,U,Ravnica_Allegiance,/spoiler_lists/Ravnica_Allegiance,/sets/Ravnica_Allegiance/Clan_Guildmage
0.0,-0.720000028610229,ABUGames,0.05,Clear_the_MindRavnica_AllegiancefalseNM-M,U,0,0.08,http://s.mtgprice.com/sets/Ravnica_Allegiance/img/Clear the Mind.full.jpg,False,0.08,TCG Player,2U,Clear the Mind,0.0,-90.0,0,C,Ravnica_Allegiance,/spoiler_lists/Ravnica_Allegiance,/sets/Ravnica_Allegiance/Clear_the_Mind
0.0,0.0,UNDEFINED,0.0,Clear_the_StageRavnica_AllegiancefalseNM-M,B,0,0.03,http://s.mtgprice.com/sets/Ravnica_Allegiance/img/Clear the Stage.full.jpg,False,0.03,TCG Player,4B,Clear the Stage,0.0,0.0,0,U,Ravnica_Allegiance,/spoiler_lists/Ravnica_Allegiance,/sets/Ravnica_Allegiance/Clear_the_Stage
0.0,0.0,UNDEFINED,0.0,Code_of_ConstraintRavnica_AllegiancefalseNM-M,U,0,0.02,http://s.mtgprice.com/sets/Ravnica_Allegiance/img/Code of Constraint.full.jpg,False,0.02,TCG Player,2U,Code of Constraint,0.0,0.0,0,U,Ravnica_Allegiance,/spoiler_lists/Ravnica_Allegiance,/sets/Ravnica_Allegiance/Code_of_Constraint
0.0,0.0,UNDEFINED,0.0,CollisionRavnica_AllegiancefalseNM-M,Gld,0,0.0,http://s.mtgprice.com/sets/Ravnica_Allegiance/img/Collision.full.jpg,False,999999.0,Unknown,1R/G,Collision,,,0,U,Ravnica_Allegiance,/spoiler_lists/Ravnica_Allegiance,/sets/Ravnica_Allegiance/Collision
0.0,0.0,UNDEFINED,0.0,ColossusRavnica_AllegiancefalseNM-M,Gld,0,0.0,http://s.mtgprice.com/sets/Ravnica_Allegiance/img/Colossus.full.jpg,False,999999.0,Unknown,RG,Colossus,,,0,U,Ravnica_Allegiance,/spoiler_lists/Ravnica_Allegiance,/sets/Ravnica_Allegiance/Colossus
0.0,0.0,UNDEFINED,0.0,Combine_GuildmageRavnica_AllegiancefalseNM-M,Gld,0,0.06,http://s.mtgprice.com/sets/Ravnica_Allegiance/img/Combine Guildmage.full.jpg,False,0.06,TCG Player,GU,Combine Guildmage,0.0,0.0,0,U,Ravnica_Allegiance,/spoiler_lists/Ravnica_Allegiance,/sets/Ravnica_Allegiance/Combine_Guildmage
0.0,0.0,UNDEFINED,0.0,Concordia_PegasusRavnica_AllegiancefalseNM-M,W,0,0.02,http://s.mtgprice.com/sets/Ravnica_Allegiance/img/Concordia Pegasus.full.jpg,False,0.02,TCG Player,1W,Concordia Pegasus,0.0,0.0,0,C,Ravnica_Allegiance,/spoiler_lists/Ravnica_Allegiance,/sets/Ravnica_Allegiance/Concordia_Pegasus
0.0,0.0,UNDEFINED,0.0,ConsecrateRavnica_AllegiancefalseNM-M,Gld,0,0.0,http://s.mtgprice.com/sets/Ravnica_Allegiance/img/Consecrate.full.jpg,False,999999.0,Unknown,1W/B,Consecrate,,,0,U,Ravnica_Allegiance,/spoiler_lists/Ravnica_Allegiance,/sets/Ravnica_Allegiance/Consecrate
0.009999999776482001,0.009999999776482001,UNDEFINED,0.0,Consign_to_the_PitRavnica_AllegiancefalseNM-M,B,0,0.02,http://s.mtgprice.com/sets/Ravnica_Allegiance/img/Consign to the Pit.full.jpg,False,0.02,TCG Player,5B,Consign to the Pit,100.0,100.0,0,C,Ravnica_Allegiance,/spoiler_lists/Ravnica_Allegiance,/sets/Ravnica_Allegiance/Consign_to_the_Pit
0.0,0.0,UNDEFINED,0.0,ConsumeRavnica_AllegiancefalseNM-M,Gld,0,0.0,http://s.mtgprice.com/sets/Ravnica_Allegiance/img/Consume.full.jpg,False,999999.0,Unknown,2WB,Consume,,,0,U,Ravnica_Allegiance,/spoiler_lists/Ravnica_Allegiance,/sets/Ravnica_Allegiance/Consume
0.0,0.0,UNDEFINED,0.0,Coral_CommandoRavnica_AllegiancefalseNM-M,U,0,0.02,http://s.mtgprice.com/sets/Ravnica_Allegiance/img/Coral Commando.full.jpg,False,0.02,TCG Player,2U,Coral Commando,0.0,0.0,0,C,Ravnica_Allegiance,/spoiler_lists/Ravnica_Allegiance,/sets/Ravnica_Allegiance/Coral_Commando
-0.090000003576278,0.0,ABUGames,0.03,Cry_of_the_CarnariumRavnica_AllegiancefalseNM-M,B,0,0.11,http://s.mtgprice.com/sets/Ravnica_Allegiance/img/Cry of the Carnarium.full.jpg,False,0.11,TCG Player,1BB,Cry of the Carnarium,-45.0,0.0,0,U,Ravnica_Allegiance,/spoiler_lists/Ravnica_Allegiance,/sets/Ravnica_Allegiance/Cry_of_the_Carnarium
0.0,0.0,UNDEFINED,0.0,Cult_GuildmageRavnica_AllegiancefalseNM-M,Gld,0,0.04,http://s.mtgprice.com/sets/Ravnica_Allegiance/img/Cult Guildmage.full.jpg,False,0.04,TCG Player,BR,Cult Guildmage,0.0,0.0,0,U,Ravnica_Allegiance,/spoiler_lists/Ravnica_Allegiance,/sets/Ravnica_Allegiance/Cult_Guildmage
0.0,0.0,UNDEFINED,0.0,Dagger_CasterRavnica_AllegiancefalseNM-M,R,0,0.05,http://s.mtgprice.com/sets/Ravnica_Allegiance/img/Dagger Caster.full.jpg,False,0.05,TCG Player,3R,Dagger Caster,0.0,0.0,0,U,Ravnica_Allegiance,/spoiler_lists/Ravnica_Allegiance,/sets/Ravnica_Allegiance/Dagger_Caster
0.0,0.0,UNDEFINED,0.0,Dead_RevelsRavnica_AllegiancefalseNM-M,B,0,0.02,http://s.mtgprice.com/sets/Ravnica_Allegiance/img/Dead Revels.full.jpg,False,0.02,TCG Player,3B,Dead Revels,0.0,0.0,0,C,Ravnica_Allegiance,/spoiler_lists/Ravnica_Allegiance,/sets/Ravnica_Allegiance/Dead_Revels
0.0,0.009999999776482001,UNDEFINED,0.0,Debtors'_TransportRavnica_AllegiancefalseNM-M,B,0,0.02,http://s.mtgprice.com/sets/Ravnica_Allegiance/img/Debtors' Transport.full.jpg,False,0.02,TCG Player,5B,Debtors' Transport,0.0,100.0,0,C,Ravnica_Allegiance,/spoiler_lists/Ravnica_Allegiance,/sets/Ravnica_Allegiance/Debtors'_Transport
0.0,0.0,UNDEFINED,0.0,DefaceRavnica_AllegiancefalseNM-M,R,0,0.02,http://s.mtgprice.com/sets/Ravnica_Allegiance/img/Deface.full.jpg,False,0.02,TCG Player,R,Deface,0.0,0.0,0,C,Ravnica_Allegiance,/spoiler_lists/Ravnica_Allegiance,/sets/Ravnica_Allegiance/Deface
0.0,0.0,UNDEFINED,0.0,DeployRavnica_AllegiancefalseNM-M,Gld,0,0.0,http://s.mtgprice.com/sets/Ravnica_Allegiance/img/Deploy.full.jpg,False,999999.0,Unknown,2WU,Deploy,,,0,U,Ravnica_Allegiance,/spoiler_lists/Ravnica_Allegiance,/sets/Ravnica_Allegiance/Deploy
0.0,0.0,UNDEFINED,0.0,DeposeRavnica_AllegiancefalseNM-M,Gld,0,0.0,http://s.mtgprice.com/sets/Ravnica_Allegiance/img/Depose.full.jpg,False,999999.0,Unknown,1W/U,Depose,,,0,U,Ravnica_Allegiance,/spoiler_lists/Ravnica_Allegiance,/sets/Ravnica_Allegiance/Depose
-0.23000001907348602,0.049999952316284006,Miniature Market,0.75,Deputy_of_DetentionRavnica_AllegiancefalseNM-M,Gld,0,1.05,http://s.mtgprice.com/sets/Ravnica_Allegiance/img/Deputy of Detention.full.jpg,False,0.79,Card Kingdom,1WU,Deputy of Detention,-17.968751907348633,4.999995231628418,0,R,Ravnica_Allegiance,/spoiler_lists/Ravnica_Allegiance,/sets/Ravnica_Allegiance/Deputy_of_Detention
0.7799999713897701,0.0,ABUGames,0.06,Domri's_NodorogRavnica_AllegiancefalseNM-M,Gld,0,0.9,http://s.mtgprice.com/sets/Ravnica_Allegiance/img/Domri's Nodorog.full.jpg,False,0.24,ABUGames,3RG,Domri's Nodorog,650.0,0.0,0,R,Ravnica_Allegiance,/spoiler_lists/Ravnica_Allegiance,/sets/Ravnica_Allegiance/Domri's_Nodorog
-0.149999976158142,0.0,StrikeZone,0.75,"Domri,_Chaos_BringerRavnica_AllegiancefalseNM-M",Gld,0,1.49,"http://s.mtgprice.com/sets/Ravnica_Allegiance/img/Domri, Chaos Bringer.full.jpg",False,1.19,ChannelFireball,2RG,"Domri, Chaos Bringer",-9.146340370178223,0.0,0,M,Ravnica_Allegiance,/spoiler_lists/Ravnica_Allegiance,"/sets/Ravnica_Allegiance/Domri,_Chaos_Bringer"
0.0,0.0,UNDEFINED,0.0,"Domri,_City_SmasherRavnica_AllegiancefalseNM-M",Gld,0,0.0,"http://s.mtgprice.com/sets/Ravnica_Allegiance/img/Domri, City Smasher.full.jpg",False,999999.0,Unknown,4RG,"Domri, City Smasher",,,0,M,Ravnica_Allegiance,/spoiler_lists/Ravnica_Allegiance,"/sets/Ravnica_Allegiance/Domri,_City_Smasher"
0.0,0.0,UNDEFINED,0.0,Dovin's_AcuityRavnica_AllegiancefalseNM-M,Gld,0,0.05,http://s.mtgprice.com/sets/Ravnica_Allegiance/img/Dovin's Acuity.full.jpg,False,0.05,TCG Player,1WU,Dovin's Acuity,0.0,0.0,0,U,Ravnica_Allegiance,/spoiler_lists/Ravnica_Allegiance,/sets/Ravnica_Allegiance/Dovin's_Acuity
0.0,0.0,ABUGames,0.02,Dovin's_AutomatonRavnica_AllegiancefalseNM-M,NA,0,0.8300000000000001,http://s.mtgprice.com/sets/Ravnica_Allegiance/img/Dovin's Automaton.full.jpg,False,0.25,Card Kingdom,4,Dovin's Automaton,0.0,0.0,0,U,Ravnica_Allegiance,/spoiler_lists/Ravnica_Allegiance,/sets/Ravnica_Allegiance/Dovin's_Automaton
-0.010000005364418,0.0,ABUGames,0.07,Dovin's_DismissalRavnica_AllegiancefalseNM-M,Gld,0,0.21,http://s.mtgprice.com/sets/Ravnica_Allegiance/img/Dovin's Dismissal.full.jpg,False,0.21,TCG Player,2WU,Dovin's Dismissal,-4.545456886291504,0.0,0,R,Ravnica_Allegiance,/spoiler_lists/Ravnica_Allegiance,/sets/Ravnica_Allegiance/Dovin's_Dismissal
0.0,0.0,UNDEFINED,0.0,"Dovin,_Architect_of_LawRavnica_AllegiancefalseNM-M",Gld,0,0.0,"http://s.mtgprice.com/sets/Ravnica_Allegiance/img/Dovin, Architect of Law.full.jpg",False,999999.0,Unknown,4WU,"Dovin, Architect of Law",,,0,M,Ravnica_Allegiance,/spoiler_lists/Ravnica_Allegiance,"/sets/Ravnica_Allegiance/Dovin,_Architect_of_Law"
0.129999995231628,0.0,Miniature Market,0.75,"Dovin,_Grand_ArbiterRavnica_AllegiancefalseNM-M",Gld,0,1.17,"http://s.mtgprice.com/sets/Ravnica_Allegiance/img/Dovin, Grand Arbiter.full.jpg",False,0.89,ChannelFireball,1WU,"Dovin, Grand Arbiter",12.5,0.0,0,M,Ravnica_Allegiance,/spoiler_lists/Ravnica_Allegiance,"/sets/Ravnica_Allegiance/Dovin,_Grand_Arbiter"
-0.049999997019767005,0.0,ABUGames,0.02,Drill_BitRavnica_AllegiancefalseNM-M,B,0,0.11,http://s.mtgprice.com/sets/Ravnica_Allegiance/img/Drill Bit.full.jpg,False,0.11,TCG Player,2B,Drill Bit,-31.25,0.0,0,U,Ravnica_Allegiance,/spoiler_lists/Ravnica_Allegiance,/sets/Ravnica_Allegiance/Drill_Bit
-0.24000000953674303,0.339999914169311,Miniature Market,1.0,ElectrodominanceRavnica_AllegiancefalseNM-M,R,0,1.53,http://s.mtgprice.com/sets/Ravnica_Allegiance/img/Electrodominance.full.jpg,False,1.25,ChannelFireball,XRR,Electrodominance,-13.559322357177734,28.571420669555664,0,R,Ravnica_Allegiance,/spoiler_lists/Ravnica_Allegiance,/sets/Ravnica_Allegiance/Electrodominance
-0.11999999731779001,0.0,Card Kingdom,0.05,Elite_ArresterRavnica_AllegiancefalseNM-M,W,0,0.1,http://s.mtgprice.com/sets/Ravnica_Allegiance/img/Elite Arrester.full.jpg,False,0.1,TCG Player,W,Elite Arrester,-54.54545593261719,0.0,0,C,Ravnica_Allegiance,/spoiler_lists/Ravnica_Allegiance,/sets/Ravnica_Allegiance/Elite_Arrester
0.11000001430511401,0.10000002384185701,Miniature Market,0.5,Emergency_PowersRavnica_AllegiancefalseNM-M,Gld,0,0.67,http://s.mtgprice.com/sets/Ravnica_Allegiance/img/Emergency Powers.full.jpg,False,0.25,StrikeZone,5WU,Emergency Powers,19.642860412597656,17.543865203857422,0,M,Ravnica_Allegiance,/spoiler_lists/Ravnica_Allegiance,/sets/Ravnica_Allegiance/Emergency_Powers
0.010000020265579002,0.0,ABUGames,0.18,End-Raze_ForerunnersRavnica_AllegiancefalseNM-M,G,0,0.43,http://s.mtgprice.com/sets/Ravnica_Allegiance/img/End-Raze Forerunners.full.jpg,False,0.43,TCG Player,5GGG,End-Raze Forerunners,2.38095736503601,0.0,0,R,Ravnica_Allegiance,/spoiler_lists/Ravnica_Allegiance,/sets/Ravnica_Allegiance/End-Raze_Forerunners
0.0,0.0,UNDEFINED,0.0,Enraged_CeratokRavnica_AllegiancefalseNM-M,G,0,0.03,http://s.mtgprice.com/sets/Ravnica_Allegiance/img/Enraged Ceratok.full.jpg,False,0.03,TCG Player,2GG,Enraged Ceratok,0.0,0.0,0,U,Ravnica_Allegiance,/spoiler_lists/Ravnica_Allegiance,/sets/Ravnica_Allegiance/Enraged_Ceratok
-0.06000000238418501,0.0,ABUGames,0.03,Essence_CaptureRavnica_AllegiancefalseNM-M,U,0,0.16,http://s.mtgprice.com/sets/Ravnica_Allegiance/img/Essence Capture.full.jpg,False,0.16,TCG Player,UU,Essence Capture,-27.272727966308594,0.0,0,U,Ravnica_Allegiance,/spoiler_lists/Ravnica_Allegiance,/sets/Ravnica_Allegiance/Essence_Capture
-0.010000020265579002,0.009999990463256002,ABUGames,0.14,Ethereal_AbsolutionRavnica_AllegiancefalseNM-M,Gld,0,0.35000000000000003,http://s.mtgprice.com/sets/Ravnica_Allegiance/img/Ethereal Absolution.full.jpg,False,0.35,TCG Player,4WB,Ethereal Absolution,-2.7777833938598633,2.941173791885376,0,R,Ravnica_Allegiance,/spoiler_lists/Ravnica_Allegiance,/sets/Ravnica_Allegiance/Ethereal_Absolution
0.0,0.0,UNDEFINED,0.0,Expose_to_DaylightRavnica_AllegiancefalseNM-M,W,0,0.01,http://s.mtgprice.com/sets/Ravnica_Allegiance/img/Expose to Daylight.full.jpg,False,0.01,TCG Player,2W,Expose to Daylight,0.0,0.0,0,C,Ravnica_Allegiance,/spoiler_lists/Ravnica_Allegiance,/sets/Ravnica_Allegiance/Expose_to_Daylight
0.0,0.0,UNDEFINED,0.0,Eyes_EverywhereRavnica_AllegiancefalseNM-M,U,0,0.05,http://s.mtgprice.com/sets/Ravnica_Allegiance/img/Eyes Everywhere.full.jpg,False,0.05,TCG Player,2U,Eyes Everywhere,0.0,0.0,0,U,Ravnica_Allegiance,/spoiler_lists/Ravnica_Allegiance,/sets/Ravnica_Allegiance/Eyes_Everywhere
0.75,0.0,UNDEFINED,0.0,Faerie_DuelistRavnica_AllegiancefalseNM-M,U,0,0.79,http://s.mtgprice.com/sets/Ravnica_Allegiance/img/Faerie Duelist.full.jpg,False,0.15,Miniature Market,1U,Faerie Duelist,1875.0,0.0,0,C,Ravnica_Allegiance,/spoiler_lists/Ravnica_Allegiance,/sets/Ravnica_Allegiance/Faerie_Duelist
0.0,0.0,UNDEFINED,0.0,Feral_MaakaRavnica_AllegiancefalseNM-M,R,0,0.02,http://s.mtgprice.com/sets/Ravnica_Allegiance/img/Feral Maaka.full.jpg,False,0.02,TCG Player,1R,Feral Maaka,0.0,0.0,0,C,Ravnica_Allegiance,/spoiler_lists/Ravnica_Allegiance,/sets/Ravnica_Allegiance/Feral_Maaka
-0.019999999552965,-0.019999999552965,UNDEFINED,0.0,Final_PaymentRavnica_AllegiancefalseNM-M,Gld,0,0.04,http://s.mtgprice.com/sets/Ravnica_Allegiance/img/Final Payment.full.jpg,False,0.04,TCG Player,WB,Final Payment,-33.333335876464844,-33.333335876464844,0,C,Ravnica_Allegiance,/spoiler_lists/Ravnica_Allegiance,/sets/Ravnica_Allegiance/Final_Payment
0.0,0.0,ABUGames,0.02,Fireblade_ArtistRavnica_AllegiancefalseNM-M,Gld,0,0.1,http://s.mtgprice.com/sets/Ravnica_Allegiance/img/Fireblade Artist.full.jpg,False,0.1,TCG Player,BR,Fireblade Artist,0.0,0.0,0,U,Ravnica_Allegiance,/spoiler_lists/Ravnica_Allegiance,/sets/Ravnica_Allegiance/Fireblade_Artist
0.0,0.0,UNDEFINED,0.0,Flames_of_the_Raze-BoarRavnica_AllegiancefalseNM-M,R,0,0.03,http://s.mtgprice.com/sets/Ravnica_Allegiance/img/Flames of the Raze-Boar.full.jpg,False,0.03,TCG Player,5R,Flames of the Raze-Boar,0.0,0.0,0,U,Ravnica_Allegiance,/spoiler_lists/Ravnica_Allegiance,/sets/Ravnica_Allegiance/Flames_of_the_Raze-Boar
-0.019999980926513002,-0.009999990463256002,ABUGames,0.09,Font_of_AgoniesRavnica_AllegiancefalseNM-M,B,0,0.30000000000000004,http://s.mtgprice.com/sets/Ravnica_Allegiance/img/Font of Agonies.full.jpg,False,0.25,Card Kingdom,B,Font of Agonies,-6.249994277954102,-3.22580337524414,0,R,Ravnica_Allegiance,/spoiler_lists/Ravnica_Allegiance,/sets/Ravnica_Allegiance/Font_of_Agonies
0.0,0.0,UNDEFINED,0.0,Footlight_FiendRavnica_AllegiancefalseNM-M,Gld,0,0.08,http://s.mtgprice.com/sets/Ravnica_Allegiance/img/Footlight Fiend.full.jpg,False,0.08,TCG Player,B/R,Footlight Fiend,0.0,0.0,0,C,Ravnica_Allegiance,/spoiler_lists/Ravnica_Allegiance,/sets/Ravnica_Allegiance/Footlight_Fiend
0.0,0.0,UNDEFINED,0.0,Forbidding_SpiritRavnica_AllegiancefalseNM-M,W,0,0.04,http://s.mtgprice.com/sets/Ravnica_Allegiance/img/Forbidding Spirit.full.jpg,False,0.04,TCG Player,1WW,Forbidding Spirit,0.0,0.0,0,U,Ravnica_Allegiance,/spoiler_lists/Ravnica_Allegiance,/sets/Ravnica_Allegiance/Forbidding_Spirit
-0.010000020265579002,0.0,Card Kingdom,0.05,ForestRavnica_AllegiancefalseNM-M,Lnd,0,0.26,http://s.mtgprice.com/sets/Ravnica_Allegiance/img/Forest.full.jpg,False,0.26,TCG Player,,Forest,-3.70371127128601,0.0,0,C,Ravnica_Allegiance,/spoiler_lists/Ravnica_Allegiance,/sets/Ravnica_Allegiance/Forest
0.009999999776482001,0.0,UNDEFINED,0.0,Frenzied_ArynxRavnica_AllegiancefalseNM-M,Gld,0,0.04,http://s.mtgprice.com/sets/Ravnica_Allegiance/img/Frenzied Arynx.full.jpg,False,0.04,TCG Player,2RG,Frenzied Arynx,33.333335876464844,0.0,0,C,Ravnica_Allegiance,/spoiler_lists/Ravnica_Allegiance,/sets/Ravnica_Allegiance/Frenzied_Arynx
0.010000005364418,0.0,ABUGames,0.02,Frilled_MysticRavnica_AllegiancefalseNM-M,Gld,0,0.09,http://s.mtgprice.com/sets/Ravnica_Allegiance/img/Frilled Mystic.full.jpg,False,0.09,TCG Player,GGUU,Frilled Mystic,12.500007629394531,0.0,0,U,Ravnica_Allegiance,/spoiler_lists/Ravnica_Allegiance,/sets/Ravnica_Allegiance/Frilled_Mystic
0.0,0.0,UNDEFINED,0.0,Galloping_LizrogRavnica_AllegiancefalseNM-M,Gld,0,0.08,http://s.mtgprice.com/sets/Ravnica_Allegiance/img/Galloping Lizrog.full.jpg,False,0.08,TCG Player,3GU,Galloping Lizrog,0.0,0.0,0,U,Ravnica_Allegiance,/spoiler_lists/Ravnica_Allegiance,/sets/Ravnica_Allegiance/Galloping_Lizrog
-0.029999993741512004,0.0,ABUGames,0.02,Gate_ColossusRavnica_AllegiancefalseNM-M,NA,0,0.1,http://s.mtgprice.com/sets/Ravnica_Allegiance/img/Gate Colossus.full.jpg,False,0.1,TCG Player,8,Gate Colossus,-23.076919555664062,0.0,0,U,Ravnica_Allegiance,/spoiler_lists/Ravnica_Allegiance,/sets/Ravnica_Allegiance/Gate_Colossus
-0.06000000238418501,0.0,UNDEFINED,0.0,Gatebreaker_RamRavnica_AllegiancefalseNM-M,G,0,0.13,http://s.mtgprice.com/sets/Ravnica_Allegiance/img/Gatebreaker Ram.full.jpg,False,0.13,TCG Player,2G,Gatebreaker Ram,-31.578948974609375,0.0,0,U,Ravnica_Allegiance,/spoiler_lists/Ravnica_Allegiance,/sets/Ravnica_Allegiance/Gatebreaker_Ram
-0.019999995827674002,0.0,Card Kingdom,0.05,Gates_AblazeRavnica_AllegiancefalseNM-M,R,0,0.2,http://s.mtgprice.com/sets/Ravnica_Allegiance/img/Gates Ablaze.full.jpg,False,0.2,TCG Player,2R,Gates Ablaze,-9.090907096862793,0.0,0,U,Ravnica_Allegiance,/spoiler_lists/Ravnica_Allegiance,/sets/Ravnica_Allegiance/Gates_Ablaze
0.7599999904632561,0.0,ABUGames,0.05,Gateway_PlazaRavnica_AllegiancefalseNM-M,Lnd,0,0.8300000000000001,http://s.mtgprice.com/sets/Ravnica_Allegiance/img/Gateway Plaza.full.jpg,False,0.15,Miniature Market,,Gateway Plaza,1085.7142333984375,0.0,0,C,Ravnica_Allegiance,/spoiler_lists/Ravnica_Allegiance,/sets/Ravnica_Allegiance/Gateway_Plaza
0.02000000141561,0.0,UNDEFINED,0.0,Gateway_SneakRavnica_AllegiancefalseNM-M,U,0,0.05,http://s.mtgprice.com/sets/Ravnica_Allegiance/img/Gateway Sneak.full.jpg,False,0.05,TCG Player,2U,Gateway Sneak,66.66667175292969,0.0,0,U,Ravnica_Allegiance,/spoiler_lists/Ravnica_Allegiance,/sets/Ravnica_Allegiance/Gateway_Sneak
0.0,0.0,UNDEFINED,0.0,Get_the_PointRavnica_AllegiancefalseNM-M,Gld,0,0.02,http://s.mtgprice.com/sets/Ravnica_Allegiance/img/Get the Point.full.jpg,False,0.02,TCG Player,3BR,Get the Point,0.0,0.0,0,C,Ravnica_Allegiance,/spoiler_lists/Ravnica_Allegiance,/sets/Ravnica_Allegiance/Get_the_Point
0.0,0.0,UNDEFINED,0.0,Ghor-Clan_WreckerRavnica_AllegiancefalseNM-M,R,0,0.02,http://s.mtgprice.com/sets/Ravnica_Allegiance/img/Ghor-Clan Wrecker.full.jpg,False,0.02,TCG Player,3R,Ghor-Clan Wrecker,0.0,0.0,0,C,Ravnica_Allegiance,/spoiler_lists/Ravnica_Allegiance,/sets/Ravnica_Allegiance/Ghor-Clan_Wrecker
0.0,0.0,UNDEFINED,0.0,Gift_of_StrengthRavnica_AllegiancefalseNM-M,G,0,0.02,http://s.mtgprice.com/sets/Ravnica_Allegiance/img/Gift of Strength.full.jpg,False,0.02,TCG Player,1G,Gift of Strength,0.0,0.0,0,C,Ravnica_Allegiance,/spoiler_lists/Ravnica_Allegiance,/sets/Ravnica_Allegiance/Gift_of_Strength
0.0,0.0,ChannelFireball,0.08,Glass_of_the_GuildpactRavnica_AllegiancefalseNM-M,NA,0,0.2,http://s.mtgprice.com/sets/Ravnica_Allegiance/img/Glass of the Guildpact.full.jpg,False,0.2,TCG Player,2,Glass of the Guildpact,0.0,0.0,0,R,Ravnica_Allegiance,/spoiler_lists/Ravnica_Allegiance,/sets/Ravnica_Allegiance/Glass_of_the_Guildpact
0.0,0.0,UNDEFINED,0.0,Goblin_GatheringRavnica_AllegiancefalseNM-M,R,0,0.05,http://s.mtgprice.com/sets/Ravnica_Allegiance/img/Goblin Gathering.full.jpg,False,0.05,TCG Player,2R,Goblin Gathering,0.0,0.0,0,C,Ravnica_Allegiance,/spoiler_lists/Ravnica_Allegiance,/sets/Ravnica_Allegiance/Goblin_Gathering
0.0,0.030000209808349002,TCG Player,6.18,Godless_ShrineRavnica_AllegiancefalseNM-M,Lnd,0,7.48,http://s.mtgprice.com/sets/Ravnica_Allegiance/img/Godless Shrine.full.jpg,False,7.48,TCG Player,,Godless Shrine,0.0,0.402687400579452,0,R,Ravnica_Allegiance,/spoiler_lists/Ravnica_Allegiance,/sets/Ravnica_Allegiance/Godless_Shrine
0.0,0.0,UNDEFINED,0.0,Grasping_ThrullRavnica_AllegiancefalseNM-M,Gld,0,0.02,http://s.mtgprice.com/sets/Ravnica_Allegiance/img/Grasping Thrull.full.jpg,False,0.02,TCG Player,3WB,Grasping Thrull,0.0,0.0,0,C,Ravnica_Allegiance,/spoiler_lists/Ravnica_Allegiance,/sets/Ravnica_Allegiance/Grasping_Thrull
0.0,0.0,UNDEFINED,0.0,Gravel-Hide_GoblinRavnica_AllegiancefalseNM-M,R,0,0.02,http://s.mtgprice.com/sets/Ravnica_Allegiance/img/Gravel-Hide Goblin.full.jpg,False,0.02,TCG Player,1R,Gravel-Hide Goblin,0.0,0.0,0,C,Ravnica_Allegiance,/spoiler_lists/Ravnica_Allegiance,/sets/Ravnica_Allegiance/Gravel-Hide_Goblin
0.009999999776482001,0.009999999776482001,UNDEFINED,0.0,Grotesque_DemiseRavnica_AllegiancefalseNM-M,B,0,0.02,http://s.mtgprice.com/sets/Ravnica_Allegiance/img/Grotesque Demise.full.jpg,False,0.02,TCG Player,2B,Grotesque Demise,100.0,100.0,0,C,Ravnica_Allegiance,/spoiler_lists/Ravnica_Allegiance,/sets/Ravnica_Allegiance/Grotesque_Demise
-0.009999990463256002,0.0,ChannelFireball,0.08,Growth-Chamber_GuardianRavnica_AllegiancefalseNM-M,G,0,0.23,http://s.mtgprice.com/sets/Ravnica_Allegiance/img/Growth-Chamber Guardian.full.jpg,False,0.23,TCG Player,1G,Growth-Chamber Guardian,-4.166662693023682,0.0,0,R,Ravnica_Allegiance,/spoiler_lists/Ravnica_Allegiance,/sets/Ravnica_Allegiance/Growth-Chamber_Guardian
0.06000000238418501,0.0,CoolStuff,0.1,Growth_SpiralRavnica_AllegiancefalseNM-M,Gld,0,0.44,http://s.mtgprice.com/sets/Ravnica_Allegiance/img/Growth Spiral.full.jpg,False,0.3,ABUGames,GU,Growth Spiral,15.789474487304688,0.0,0,C,Ravnica_Allegiance,/spoiler_lists/Ravnica_Allegiance,/sets/Ravnica_Allegiance/Growth_Spiral
0.0,0.0,UNDEFINED,0.0,Gruul_BeastmasterRavnica_AllegiancefalseNM-M,G,0,0.02,http://s.mtgprice.com/sets/Ravnica_Allegiance/img/Gruul Beastmaster.full.jpg,False,0.02,TCG Player,3G,Gruul Beastmaster,0.0,0.0,0,U,Ravnica_Allegiance,/spoiler_lists/Ravnica_Allegiance,/sets/Ravnica_Allegiance/Gruul_Beastmaster
0.0,0.0,Card Kingdom,0.05,Gruul_GuildgateRavnica_AllegiancefalseNM-M,Lnd,0,0.18,http://s.mtgprice.com/sets/Ravnica_Allegiance/img/Gruul Guildgate.full.jpg,False,0.15,Miniature Market,,Gruul Guildgate,0.0,0.0,0,C,Ravnica_Allegiance,/spoiler_lists/Ravnica_Allegiance,/sets/Ravnica_Allegiance/Gruul_Guildgate
0.0,0.0,UNDEFINED,0.0,Gruul_LocketRavnica_AllegiancefalseNM-M,NA,0,0.04,http://s.mtgprice.com/sets/Ravnica_Allegiance/img/Gruul Locket.full.jpg,False,0.04,TCG Player,3,Gruul Locket,0.0,0.0,0,C,Ravnica_Allegiance,/spoiler_lists/Ravnica_Allegiance,/sets/Ravnica_Allegiance/Gruul_Locket
-0.009999990463256002,0.0,CoolStuff,0.5,Gruul_SpellbreakerRavnica_AllegiancefalseNM-M,Gld,0,0.51,http://s.mtgprice.com/sets/Ravnica_Allegiance/img/Gruul Spellbreaker.full.jpg,False,0.51,TCG Player,1RG,Gruul Spellbreaker,-1.923075079917907,0.0,0,R,Ravnica_Allegiance,/spoiler_lists/Ravnica_Allegiance,/sets/Ravnica_Allegiance/Gruul_Spellbreaker
0.9699997901916501,1.690000057220459,StrikeZone,3.5,Guardian_ProjectRavnica_AllegiancefalseNM-M,G,0,5.89,http://s.mtgprice.com/sets/Ravnica_Allegiance/img/Guardian Project.full.jpg,False,1.49,TrollAndToad,3G,Guardian Project,19.715442657470703,40.23809814453125,0,R,Ravnica_Allegiance,/spoiler_lists/Ravnica_Allegiance,/sets/Ravnica_Allegiance/Guardian_Project
0.25,0.0,Miniature Market,1.0,GutterbonesRavnica_AllegiancefalseNM-M,B,0,1.73,http://s.mtgprice.com/sets/Ravnica_Allegiance/img/Gutterbones.full.jpg,False,0.99,TrollAndToad,B,Gutterbones,16.891891479492188,0.0,0,R,Ravnica_Allegiance,/spoiler_lists/Ravnica_Allegiance,/sets/Ravnica_Allegiance/Gutterbones
0.0,0.0,UNDEFINED,0.0,Gyre_EngineerRavnica_AllegiancefalseNM-M,Gld,0,0.08,http://s.mtgprice.com/sets/Ravnica_Allegiance/img/Gyre Engineer.full.jpg,False,0.08,TCG Player,1GU,Gyre Engineer,0.0,0.0,0,U,Ravnica_Allegiance,/spoiler_lists/Ravnica_Allegiance,/sets/Ravnica_Allegiance/Gyre_Engineer
0.0,0.009999999776482001,UNDEFINED,0.0,Haazda_OfficerRavnica_AllegiancefalseNM-M,W,0,0.02,http://s.mtgprice.com/sets/Ravnica_Allegiance/img/Haazda Officer.full.jpg,False,0.02,TCG Player,2W,Haazda Officer,0.0,100.0,0,C,Ravnica_Allegiance,/spoiler_lists/Ravnica_Allegiance,/sets/Ravnica_Allegiance/Haazda_Officer
0.0,0.0,UNDEFINED,0.0,HackrobatRavnica_AllegiancefalseNM-M,Gld,0,0.02,http://s.mtgprice.com/sets/Ravnica_Allegiance/img/Hackrobat.full.jpg,False,0.02,TCG Player,1BR,Hackrobat,0.0,0.0,0,U,Ravnica_Allegiance,/spoiler_lists/Ravnica_Allegiance,/sets/Ravnica_Allegiance/Hackrobat
0.21000003814697202,0.049999713897705,TCG Player,6.12,Hallowed_FountainRavnica_AllegiancefalseNM-M,Lnd,0,7.45,http://s.mtgprice.com/sets/Ravnica_Allegiance/img/Hallowed Fountain.full.jpg,False,7.45,TCG Player,,Hallowed Fountain,2.9005532264709473,0.675671756267547,0,R,Ravnica_Allegiance,/spoiler_lists/Ravnica_Allegiance,/sets/Ravnica_Allegiance/Hallowed_Fountain
-0.20999999344348902,0.0,Miniature Market,0.2,Hero_of_Precinct_OneRavnica_AllegiancefalseNM-M,W,0,0.2,http://s.mtgprice.com/sets/Ravnica_Allegiance/img/Hero of Precinct One.full.jpg,False,0.2,TCG Player,1W,Hero of Precinct One,-51.219512939453125,0.0,0,R,Ravnica_Allegiance,/spoiler_lists/Ravnica_Allegiance,/sets/Ravnica_Allegiance/Hero_of_Precinct_One
0.019999995827674002,0.0,ABUGames,0.02,High_AlertRavnica_AllegiancefalseNM-M,Gld,0,0.25,http://s.mtgprice.com/sets/Ravnica_Allegiance/img/High Alert.full.jpg,False,0.25,Card Kingdom,1WU,High Alert,8.695650100708008,0.0,0,U,Ravnica_Allegiance,/spoiler_lists/Ravnica_Allegiance,/sets/Ravnica_Allegiance/High_Alert
0.0,0.0,ABUGames,0.03,HumongulusRavnica_AllegiancefalseNM-M,U,0,0.02,http://s.mtgprice.com/sets/Ravnica_Allegiance/img/Humongulus.full.jpg,False,0.02,TCG Player,4U,Humongulus,0.0,0.0,0,C,Ravnica_Allegiance,/spoiler_lists/Ravnica_Allegiance,/sets/Ravnica_Allegiance/Humongulus
0.48999977111816406,0.0,StrikeZone,12.0,Hydroid_KrasisRavnica_AllegiancefalseNM-M,Gld,0,12.48,http://s.mtgprice.com/sets/Ravnica_Allegiance/img/Hydroid Krasis.full.jpg,False,11.99,ChannelFireball,XGU,Hydroid Krasis,4.086737155914307,0.0,0,M,Ravnica_Allegiance,/spoiler_lists/Ravnica_Allegiance,/sets/Ravnica_Allegiance/Hydroid_Krasis
-0.019999999552965,-0.010000001639127001,UNDEFINED,0.0,Ill-Gotten_InheritanceRavnica_AllegiancefalseNM-M,B,0,0.06,http://s.mtgprice.com/sets/Ravnica_Allegiance/img/Ill-Gotten Inheritance.full.jpg,False,0.06,TCG Player,3B,Ill-Gotten Inheritance,-25.0,-14.28571605682373,0,C,Ravnica_Allegiance,/spoiler_lists/Ravnica_Allegiance,/sets/Ravnica_Allegiance/Ill-Gotten_Inheritance
0.009999990463256002,0.0,ChannelFireball,0.08,Immolation_ShamanRavnica_AllegiancefalseNM-M,R,0,0.21,http://s.mtgprice.com/sets/Ravnica_Allegiance/img/Immolation Shaman.full.jpg,False,0.21,TCG Player,1R,Immolation Shaman,4.999995231628418,0.0,0,R,Ravnica_Allegiance,/spoiler_lists/Ravnica_Allegiance,/sets/Ravnica_Allegiance/Immolation_Shaman
-0.769999980926513,0.009999997913837001,Miniature Market,0.05,Impassioned_OratorRavnica_AllegiancefalseNM-M,W,0,0.1,http://s.mtgprice.com/sets/Ravnica_Allegiance/img/Impassioned Orator.full.jpg,False,0.1,TCG Player,1W,Impassioned Orator,-88.50574493408203,11.11110782623291,0,C,Ravnica_Allegiance,/spoiler_lists/Ravnica_Allegiance,/sets/Ravnica_Allegiance/Impassioned_Orator
-0.030000001192092004,-0.030000001192092004,UNDEFINED,0.0,Imperious_OligarchRavnica_AllegiancefalseNM-M,Gld,0,0.04,http://s.mtgprice.com/sets/Ravnica_Allegiance/img/Imperious Oligarch.full.jpg,False,0.04,TCG Player,WB,Imperious Oligarch,-42.85714340209961,-42.85714340209961,0,C,Ravnica_Allegiance,/spoiler_lists/Ravnica_Allegiance,/sets/Ravnica_Allegiance/Imperious_Oligarch
0.0,0.0,UNDEFINED,0.0,IncongruityRavnica_AllegiancefalseNM-M,Gld,0,0.0,http://s.mtgprice.com/sets/Ravnica_Allegiance/img/Incongruity.full.jpg,False,999999.0,Unknown,1GU,Incongruity,,,0,U,Ravnica_Allegiance,/spoiler_lists/Ravnica_Allegiance,/sets/Ravnica_Allegiance/Incongruity
0.0,0.0,UNDEFINED,0.0,IncubationRavnica_AllegiancefalseNM-M,Gld,0,0.0,http://s.mtgprice.com/sets/Ravnica_Allegiance/img/Incubation.full.jpg,False,999999.0,Unknown,G/U,Incubation,,,0,U,Ravnica_Allegiance,/spoiler_lists/Ravnica_Allegiance,/sets/Ravnica_Allegiance/Incubation
-0.160000026226043,0.009999990463256002,CoolStuff,1.0,Incubation_DruidRavnica_AllegiancefalseNM-M,G,0,0.9400000000000001,http://s.mtgprice.com/sets/Ravnica_Allegiance/img/Incubation Druid.full.jpg,False,0.94,TCG Player,1G,Incubation Druid,-14.545456886291504,1.075267791748046,0,R,Ravnica_Allegiance,/spoiler_lists/Ravnica_Allegiance,/sets/Ravnica_Allegiance/Incubation_Druid
-0.010000020265579002,0.0,Card Kingdom,0.04,IslandRavnica_AllegiancefalseNM-M,Lnd,0,0.42,http://s.mtgprice.com/sets/Ravnica_Allegiance/img/Island.full.jpg,False,0.39,Card Kingdom,,Island,-2.325586080551147,0.0,0,C,Ravnica_Allegiance,/spoiler_lists/Ravnica_Allegiance,/sets/Ravnica_Allegiance/Island
-0.020000010728836,0.0,CoolStuff,0.3,"Judith,_the_Scourge_DivaRavnica_AllegiancefalseNM-M",Gld,0,0.38,"http://s.mtgprice.com/sets/Ravnica_Allegiance/img/Judith, the Scourge Diva.full.jpg",False,0.38,TCG Player,1BR,"Judith, the Scourge Diva",-5.000002861022949,0.0,0,R,Ravnica_Allegiance,/spoiler_lists/Ravnica_Allegiance,"/sets/Ravnica_Allegiance/Judith,_the_Scourge_Diva"
0.0,0.0,UNDEFINED,0.0,JunktrollerRavnica_AllegiancefalseNM-M,NA,0,0.05,http://s.mtgprice.com/sets/Ravnica_Allegiance/img/Junktroller.full.jpg,False,0.05,TCG Player,4,Junktroller,0.0,0.0,0,U,Ravnica_Allegiance,/spoiler_lists/Ravnica_Allegiance,/sets/Ravnica_Allegiance/Junktroller
-0.010000001639127001,0.0,Card Kingdom,0.05,Justiciar's_PortalRavnica_AllegiancefalseNM-M,W,0,0.04,http://s.mtgprice.com/sets/Ravnica_Allegiance/img/Justiciar's Portal.full.jpg,False,0.04,TCG Player,1W,Justiciar's Portal,-20.000003814697266,0.0,0,C,Ravnica_Allegiance,/spoiler_lists/Ravnica_Allegiance,/sets/Ravnica_Allegiance/Justiciar's_Portal
-0.050000011920928004,0.0,Miniature Market,0.5,Kaya's_WrathRavnica_AllegiancefalseNM-M,Gld,0,0.42,http://s.mtgprice.com/sets/Ravnica_Allegiance/img/Kaya's Wrath.full.jpg,False,0.42,TCG Player,WWBB,Kaya's Wrath,-10.638299942016602,0.0,0,R,Ravnica_Allegiance,/spoiler_lists/Ravnica_Allegiance,/sets/Ravnica_Allegiance/Kaya's_Wrath
-0.019999980926513002,0.0,StrikeZone,2.5,"Kaya,_Orzhov_UsurperRavnica_AllegiancefalseNM-M",Gld,0,3.56,"http://s.mtgprice.com/sets/Ravnica_Allegiance/img/Kaya, Orzhov Usurper.full.jpg",False,3.35,ChannelFireball,1WB,"Kaya, Orzhov Usurper",-0.5586587190628051,0.0,0,M,Ravnica_Allegiance,/spoiler_lists/Ravnica_Allegiance,"/sets/Ravnica_Allegiance/Kaya,_Orzhov_Usurper"
0.0,0.0,ABUGames,0.03,Knight_of_SorrowsRavnica_AllegiancefalseNM-M,W,0,0.02,http://s.mtgprice.com/sets/Ravnica_Allegiance/img/Knight of Sorrows.full.jpg,False,0.02,TCG Player,4W,Knight of Sorrows,0.0,0.0,0,C,Ravnica_Allegiance,/spoiler_lists/Ravnica_Allegiance,/sets/Ravnica_Allegiance/Knight_of_Sorrows
0.0,0.0,UNDEFINED,0.0,Knight_of_the_Last_BreathRavnica_AllegiancefalseNM-M,Gld,0,0.03,http://s.mtgprice.com/sets/Ravnica_Allegiance/img/Knight of the Last Breath.full.jpg,False,0.03,TCG Player,5WB,Knight of the Last Breath,0.0,0.0,0,U,Ravnica_Allegiance,/spoiler_lists/Ravnica_Allegiance,/sets/Ravnica_Allegiance/Knight_of_the_Last_Breath
0.11000001430511401,0.0,Miniature Market,0.15,"Lavinia,_Azorius_RenegadeRavnica_AllegiancefalseNM-M",Gld,0,0.5,"http://s.mtgprice.com/sets/Ravnica_Allegiance/img/Lavinia, Azorius Renegade.full.jpg",False,0.25,Card Kingdom,WU,"Lavinia, Azorius Renegade",28.20513153076172,0.0,0,R,Ravnica_Allegiance,/spoiler_lists/Ravnica_Allegiance,"/sets/Ravnica_Allegiance/Lavinia,_Azorius_Renegade"
0.0,0.0,Card Kingdom,0.05,Lawmage's_BindingRavnica_AllegiancefalseNM-M,Gld,0,0.04,http://s.mtgprice.com/sets/Ravnica_Allegiance/img/Lawmage's Binding.full.jpg,False,0.04,TCG Player,1WU,Lawmage's Binding,0.0,0.0,0,C,Ravnica_Allegiance,/spoiler_lists/Ravnica_Allegiance,/sets/Ravnica_Allegiance/Lawmage's_Binding
0.050000011920928004,-0.009999990463256002,Card Kingdom,0.2,Light_Up_the_StageRavnica_AllegiancefalseNM-M,R,0,0.47000000000000003,http://s.mtgprice.com/sets/Ravnica_Allegiance/img/Light Up the Stage.full.jpg,False,0.47,TCG Player,2R,Light Up the Stage,11.904765129089355,-2.083331346511841,0,U,Ravnica_Allegiance,/spoiler_lists/Ravnica_Allegiance,/sets/Ravnica_Allegiance/Light_Up_the_Stage
-0.740000009536743,0.0,ChannelFireball,0.08,Lumbering_BattlementRavnica_AllegiancefalseNM-M,W,0,0.14,http://s.mtgprice.com/sets/Ravnica_Allegiance/img/Lumbering Battlement.full.jpg,False,0.14,TCG Player,4W,Lumbering Battlement,-84.09091186523438,0.0,0,R,Ravnica_Allegiance,/spoiler_lists/Ravnica_Allegiance,/sets/Ravnica_Allegiance/Lumbering_Battlement
0.0,0.0,UNDEFINED,0.0,Macabre_MockeryRavnica_AllegiancefalseNM-M,Gld,0,0.03,http://s.mtgprice.com/sets/Ravnica_Allegiance/img/Macabre Mockery.full.jpg,False,0.03,TCG Player,2BR,Macabre Mockery,0.0,0.0,0,U,Ravnica_Allegiance,/spoiler_lists/Ravnica_Allegiance,/sets/Ravnica_Allegiance/Macabre_Mockery
0.0,0.0,UNDEFINED,0.0,Mammoth_SpiderRavnica_AllegiancefalseNM-M,G,0,0.02,http://s.mtgprice.com/sets/Ravnica_Allegiance/img/Mammoth Spider.full.jpg,False,0.02,TCG Player,4G,Mammoth Spider,0.0,0.0,0,C,Ravnica_Allegiance,/spoiler_lists/Ravnica_Allegiance,/sets/Ravnica_Allegiance/Mammoth_Spider
-0.009999990463256002,0.010000020265579002,ABUGames,0.2,Mass_ManipulationRavnica_AllegiancefalseNM-M,U,0,0.46,http://s.mtgprice.com/sets/Ravnica_Allegiance/img/Mass Manipulation.full.jpg,False,0.33,StrikeZone,XXUUUU,Mass Manipulation,-2.127657413482666,2.222226858139038,0,R,Ravnica_Allegiance,/spoiler_lists/Ravnica_Allegiance,/sets/Ravnica_Allegiance/Mass_Manipulation
-0.10000002384185701,-0.10000002384185701,Card Kingdom,0.25,Mesmerizing_BenthidRavnica_AllegiancefalseNM-M,U,0,0.58,http://s.mtgprice.com/sets/Ravnica_Allegiance/img/Mesmerizing Benthid.full.jpg,False,0.29,StrikeZone,3UU,Mesmerizing Benthid,-14.705885887145996,-14.705885887145996,0,M,Ravnica_Allegiance,/spoiler_lists/Ravnica_Allegiance,/sets/Ravnica_Allegiance/Mesmerizing_Benthid
-0.03999999910593,0.009999997913837001,UNDEFINED,0.0,Ministrant_of_ObligationRavnica_AllegiancefalseNM-M,W,0,0.12,http://s.mtgprice.com/sets/Ravnica_Allegiance/img/Ministrant of Obligation.full.jpg,False,0.12,TCG Player,2W,Ministrant of Obligation,-25.0,9.090907096862793,0,U,Ravnica_Allegiance,/spoiler_lists/Ravnica_Allegiance,/sets/Ravnica_Allegiance/Ministrant_of_Obligation
0.009999990463256002,0.009999990463256002,Miniature Market,0.2,Mirror_MarchRavnica_AllegiancefalseNM-M,R,0,0.55,http://s.mtgprice.com/sets/Ravnica_Allegiance/img/Mirror March.full.jpg,False,0.39,ChannelFireball,5R,Mirror March,1.851850032806396,1.851850032806396,0,R,Ravnica_Allegiance,/spoiler_lists/Ravnica_Allegiance,/sets/Ravnica_Allegiance/Mirror_March
0.019999995827674002,0.009999997913837001,Card Kingdom,0.05,MortifyRavnica_AllegiancefalseNM-M,Gld,0,0.11,http://s.mtgprice.com/sets/Ravnica_Allegiance/img/Mortify.full.jpg,False,0.11,TCG Player,1WB,Mortify,22.22221565246582,9.999998092651367,0,U,Ravnica_Allegiance,/spoiler_lists/Ravnica_Allegiance,/sets/Ravnica_Allegiance/Mortify
0.0,0.0,Card Kingdom,0.03,MountainRavnica_AllegiancefalseNM-M,Lnd,0,0.25,http://s.mtgprice.com/sets/Ravnica_Allegiance/img/Mountain.full.jpg,False,0.25,TCG Player,,Mountain,0.0,0.0,0,C,Ravnica_Allegiance,/spoiler_lists/Ravnica_Allegiance,/sets/Ravnica_Allegiance/Mountain
0.0,0.0,ChannelFireball,0.08,Nikya_of_the_Old_WaysRavnica_AllegiancefalseNM-M,Gld,0,0.24,http://s.mtgprice.com/sets/Ravnica_Allegiance/img/Nikya of the Old Ways.full.jpg,False,0.24,TCG Player,3RG,Nikya of the Old Ways,0.0,0.0,0,R,Ravnica_Allegiance,/spoiler_lists/Ravnica_Allegiance,/sets/Ravnica_Allegiance/Nikya_of_the_Old_Ways
0.0,0.0,UNDEFINED,0.0,Noxious_GroodionRavnica_AllegiancefalseNM-M,B,0,0.02,http://s.mtgprice.com/sets/Ravnica_Allegiance/img/Noxious Groodion.full.jpg,False,0.02,TCG Player,2B,Noxious Groodion,0.0,0.0,0,C,Ravnica_Allegiance,/spoiler_lists/Ravnica_Allegiance,/sets/Ravnica_Allegiance/Noxious_Groodion
0.0,0.0,UNDEFINED,0.0,Open_the_GatesRavnica_AllegiancefalseNM-M,G,0,0.05,http://s.mtgprice.com/sets/Ravnica_Allegiance/img/Open the Gates.full.jpg,False,0.05,TCG Player,G,Open the Gates,0.0,0.0,0,C,Ravnica_Allegiance,/spoiler_lists/Ravnica_Allegiance,/sets/Ravnica_Allegiance/Open_the_Gates
0.010000005364418,0.010000005364418,UNDEFINED,0.0,Orzhov_EnforcerRavnica_AllegiancefalseNM-M,B,0,0.14,http://s.mtgprice.com/sets/Ravnica_Allegiance/img/Orzhov Enforcer.full.jpg,False,0.14,TCG Player,1B,Orzhov Enforcer,7.692312240600586,7.692312240600586,0,U,Ravnica_Allegiance,/spoiler_lists/Ravnica_Allegiance,/sets/Ravnica_Allegiance/Orzhov_Enforcer
0.0,0.0,Card Kingdom,0.05,Orzhov_GuildgateRavnica_AllegiancefalseNM-M,Lnd,0,0.18,http://s.mtgprice.com/sets/Ravnica_Allegiance/img/Orzhov Guildgate.full.jpg,False,0.15,Miniature Market,,Orzhov Guildgate,0.0,0.0,0,C,Ravnica_Allegiance,/spoiler_lists/Ravnica_Allegiance,/sets/Ravnica_Allegiance/Orzhov_Guildgate
0.0,0.0,UNDEFINED,0.0,Orzhov_LocketRavnica_AllegiancefalseNM-M,NA,0,0.08,http://s.mtgprice.com/sets/Ravnica_Allegiance/img/Orzhov Locket.full.jpg,False,0.08,TCG Player,3,Orzhov Locket,0.0,0.0,0,C,Ravnica_Allegiance,/spoiler_lists/Ravnica_Allegiance,/sets/Ravnica_Allegiance/Orzhov_Locket
0.0,0.0,UNDEFINED,0.0,Orzhov_RacketeersRavnica_AllegiancefalseNM-M,B,0,0.03,http://s.mtgprice.com/sets/Ravnica_Allegiance/img/Orzhov Racketeers.full.jpg,False,0.03,TCG Player,4B,Orzhov Racketeers,0.0,0.0,0,U,Ravnica_Allegiance,/spoiler_lists/Ravnica_Allegiance,/sets/Ravnica_Allegiance/Orzhov_Racketeers
0.5099999904632561,0.309999942779541,TCG Player,0.68,Persistent_PetitionersRavnica_AllegiancefalseNM-M,U,0,1.9300000000000002,http://s.mtgprice.com/sets/Ravnica_Allegiance/img/Persistent Petitioners.full.jpg,False,1.39,StrikeZone,1U,Persistent Petitioners,35.91549301147461,19.135799407958984,0,C,Ravnica_Allegiance,/spoiler_lists/Ravnica_Allegiance,/sets/Ravnica_Allegiance/Persistent_Petitioners
0.020000010728836,0.0,Miniature Market,0.2,Pestilent_SpiritRavnica_AllegiancefalseNM-M,B,0,0.36,http://s.mtgprice.com/sets/Ravnica_Allegiance/img/Pestilent Spirit.full.jpg,False,0.25,Card Kingdom,2B,Pestilent Spirit,5.8823561668396,0.0,0,R,Ravnica_Allegiance,/spoiler_lists/Ravnica_Allegiance,/sets/Ravnica_Allegiance/Pestilent_Spirit
0.0,0.0,Card Kingdom,0.05,Pitiless_PontiffRavnica_AllegiancefalseNM-M,Gld,0,0.1,http://s.mtgprice.com/sets/Ravnica_Allegiance/img/Pitiless Pontiff.full.jpg,False,0.1,TCG Player,WB,Pitiless Pontiff,0.0,0.0,0,U,Ravnica_Allegiance,/spoiler_lists/Ravnica_Allegiance,/sets/Ravnica_Allegiance/Pitiless_Pontiff
0.0,0.009999999776482001,ABUGames,0.03,Plague_WightRavnica_AllegiancefalseNM-M,B,0,0.02,http://s.mtgprice.com/sets/Ravnica_Allegiance/img/Plague Wight.full.jpg,False,0.02,TCG Player,1B,Plague Wight,0.0,100.0,0,C,Ravnica_Allegiance,/spoiler_lists/Ravnica_Allegiance,/sets/Ravnica_Allegiance/Plague_Wight
0.0,0.0,Card Kingdom,0.04,PlainsRavnica_AllegiancefalseNM-M,Lnd,0,0.19,http://s.mtgprice.com/sets/Ravnica_Allegiance/img/Plains.full.jpg,False,0.19,TCG Player,,Plains,0.0,0.0,0,C,Ravnica_Allegiance,/spoiler_lists/Ravnica_Allegiance,/sets/Ravnica_Allegiance/Plains
0.040000021457672,0.0,Card Kingdom,0.1,Plaza_of_HarmonyRavnica_AllegiancefalseNM-M,Lnd,0,0.43,http://s.mtgprice.com/sets/Ravnica_Allegiance/img/Plaza of Harmony.full.jpg,False,0.25,Card Kingdom,,Plaza of Harmony,10.256416320800781,0.0,0,R,Ravnica_Allegiance,/spoiler_lists/Ravnica_Allegiance,/sets/Ravnica_Allegiance/Plaza_of_Harmony
-0.020000010728836,0.0,ChannelFireball,0.08,Precognitive_PerceptionRavnica_AllegiancefalseNM-M,U,0,0.21,http://s.mtgprice.com/sets/Ravnica_Allegiance/img/Precognitive Perception.full.jpg,False,0.21,TCG Player,3UU,Precognitive Perception,-8.695656776428223,0.0,0,R,Ravnica_Allegiance,/spoiler_lists/Ravnica_Allegiance,/sets/Ravnica_Allegiance/Precognitive_Perception
-0.08999991416931101,-0.009999990463256002,CoolStuff,1.25,Priest_of_Forgotten_GodsRavnica_AllegiancefalseNM-M,B,0,1.9500000000000002,http://s.mtgprice.com/sets/Ravnica_Allegiance/img/Priest of Forgotten Gods.full.jpg,False,1.95,TCG Player,1B,Priest of Forgotten Gods,-4.411760807037353,-0.510203599929809,0,R,Ravnica_Allegiance,/spoiler_lists/Ravnica_Allegiance,/sets/Ravnica_Allegiance/Priest_of_Forgotten_Gods
0.0,-0.009999990463256002,Miniature Market,1.7,Prime_Speaker_VannifarRavnica_AllegiancefalseNM-M,Gld,0,2.48,http://s.mtgprice.com/sets/Ravnica_Allegiance/img/Prime Speaker Vannifar.full.jpg,False,2.39,ChannelFireball,2GU,Prime Speaker Vannifar,0.0,-0.40160602331161505,0,M,Ravnica_Allegiance,/spoiler_lists/Ravnica_Allegiance,/sets/Ravnica_Allegiance/Prime_Speaker_Vannifar
0.0,0.0,ABUGames,0.03,Prowling_CaracalRavnica_AllegiancefalseNM-M,W,0,0.02,http://s.mtgprice.com/sets/Ravnica_Allegiance/img/Prowling Caracal.full.jpg,False,0.02,TCG Player,1W,Prowling Caracal,0.0,0.0,0,C,Ravnica_Allegiance,/spoiler_lists/Ravnica_Allegiance,/sets/Ravnica_Allegiance/Prowling_Caracal
0.0,0.0,UNDEFINED,0.0,Prying_EyesRavnica_AllegiancefalseNM-M,U,0,0.02,http://s.mtgprice.com/sets/Ravnica_Allegiance/img/Prying Eyes.full.jpg,False,0.02,TCG Player,4UU,Prying Eyes,0.0,0.0,0,C,Ravnica_Allegiance,/spoiler_lists/Ravnica_Allegiance,/sets/Ravnica_Allegiance/Prying_Eyes
0.019999995827674002,0.0,StrikeZone,0.1,PteramanderRavnica_AllegiancefalseNM-M,U,0,0.25,http://s.mtgprice.com/sets/Ravnica_Allegiance/img/Pteramander.full.jpg,False,0.01,StrikeZone,U,Pteramander,8.695650100708008,0.0,0,U,Ravnica_Allegiance,/spoiler_lists/Ravnica_Allegiance,/sets/Ravnica_Allegiance/Pteramander
0.0,0.0,UNDEFINED,0.0,QuenchRavnica_AllegiancefalseNM-M,U,0,0.04,http://s.mtgprice.com/sets/Ravnica_Allegiance/img/Quench.full.jpg,False,0.04,TCG Player,1U,Quench,0.0,0.0,0,C,Ravnica_Allegiance,/spoiler_lists/Ravnica_Allegiance,/sets/Ravnica_Allegiance/Quench
0.0,0.0,UNDEFINED,0.0,Rafter_DemonRavnica_AllegiancefalseNM-M,Gld,0,0.02,http://s.mtgprice.com/sets/Ravnica_Allegiance/img/Rafter Demon.full.jpg,False,0.02,TCG Player,2BR,Rafter Demon,0.0,0.0,0,C,Ravnica_Allegiance,/spoiler_lists/Ravnica_Allegiance,/sets/Ravnica_Allegiance/Rafter_Demon
0.7799999713897701,0.0,ABUGames,0.02,RagefireRavnica_AllegiancefalseNM-M,R,0,0.84,http://s.mtgprice.com/sets/Ravnica_Allegiance/img/Ragefire.full.jpg,False,0.21,ABUGames,1R,Ragefire,1300.0,0.0,0,C,Ravnica_Allegiance,/spoiler_lists/Ravnica_Allegiance,/sets/Ravnica_Allegiance/Ragefire
0.0,0.0,StrikeZone,0.5,"Rakdos,_the_ShowstopperRavnica_AllegiancefalseNM-M",Gld,0,0.75,"http://s.mtgprice.com/sets/Ravnica_Allegiance/img/Rakdos, the Showstopper.full.jpg",False,0.59,ChannelFireball,4BR,"Rakdos, the Showstopper",0.0,0.0,0,M,Ravnica_Allegiance,/spoiler_lists/Ravnica_Allegiance,"/sets/Ravnica_Allegiance/Rakdos,_the_Showstopper"
0.0,0.0,UNDEFINED,0.0,Rakdos_FirewheelerRavnica_AllegiancefalseNM-M,Gld,0,0.04,http://s.mtgprice.com/sets/Ravnica_Allegiance/img/Rakdos Firewheeler.full.jpg,False,0.04,TCG Player,BBRR,Rakdos Firewheeler,0.0,0.0,0,U,Ravnica_Allegiance,/spoiler_lists/Ravnica_Allegiance,/sets/Ravnica_Allegiance/Rakdos_Firewheeler
0.0,0.0,Card Kingdom,0.05,Rakdos_GuildgateRavnica_AllegiancefalseNM-M,Lnd,0,0.18,http://s.mtgprice.com/sets/Ravnica_Allegiance/img/Rakdos Guildgate.full.jpg,False,0.15,Miniature Market,,Rakdos Guildgate,0.0,0.0,0,C,Ravnica_Allegiance,/spoiler_lists/Ravnica_Allegiance,/sets/Ravnica_Allegiance/Rakdos_Guildgate
0.0,0.0,UNDEFINED,0.0,Rakdos_LocketRavnica_AllegiancefalseNM-M,NA,0,0.08,http://s.mtgprice.com/sets/Ravnica_Allegiance/img/Rakdos Locket.full.jpg,False,0.08,TCG Player,3,Rakdos Locket,0.0,0.0,0,C,Ravnica_Allegiance,/spoiler_lists/Ravnica_Allegiance,/sets/Ravnica_Allegiance/Rakdos_Locket
0.0,0.0,UNDEFINED,0.0,Rakdos_RoustaboutRavnica_AllegiancefalseNM-M,Gld,0,0.03,http://s.mtgprice.com/sets/Ravnica_Allegiance/img/Rakdos Roustabout.full.jpg,False,0.03,TCG Player,1BR,Rakdos Roustabout,0.0,0.0,0,C,Ravnica_Allegiance,/spoiler_lists/Ravnica_Allegiance,/sets/Ravnica_Allegiance/Rakdos_Roustabout
0.0,0.0,UNDEFINED,0.0,Rakdos_TrumpeterRavnica_AllegiancefalseNM-M,B,0,0.02,http://s.mtgprice.com/sets/Ravnica_Allegiance/img/Rakdos Trumpeter.full.jpg,False,0.02,TCG Player,1B,Rakdos Trumpeter,0.0,0.0,0,C,Ravnica_Allegiance,/spoiler_lists/Ravnica_Allegiance,/sets/Ravnica_Allegiance/Rakdos_Trumpeter
0.0,0.0,UNDEFINED,0.0,Rally_to_BattleRavnica_AllegiancefalseNM-M,W,0,0.02,http://s.mtgprice.com/sets/Ravnica_Allegiance/img/Rally to Battle.full.jpg,False,0.02,TCG Player,3W,Rally to Battle,0.0,0.0,0,U,Ravnica_Allegiance,/spoiler_lists/Ravnica_Allegiance,/sets/Ravnica_Allegiance/Rally_to_Battle
0.019999995827674002,0.0,ChannelFireball,0.08,Rampage_of_the_ClansRavnica_AllegiancefalseNM-M,G,0,0.22,http://s.mtgprice.com/sets/Ravnica_Allegiance/img/Rampage of the Clans.full.jpg,False,0.22,TCG Player,3G,Rampage of the Clans,9.999998092651367,0.0,0,R,Ravnica_Allegiance,/spoiler_lists/Ravnica_Allegiance,/sets/Ravnica_Allegiance/Rampage_of_the_Clans
0.0,0.009999999776482001,UNDEFINED,0.0,Rampaging_RendhornRavnica_AllegiancefalseNM-M,G,0,0.02,http://s.mtgprice.com/sets/Ravnica_Allegiance/img/Rampaging Rendhorn.full.jpg,False,0.02,TCG Player,4G,Rampaging Rendhorn,0.0,100.0,0,C,Ravnica_Allegiance,/spoiler_lists/Ravnica_Allegiance,/sets/Ravnica_Allegiance/Rampaging_Rendhorn
0.009999990463256002,0.020000040531158003,ChannelFireball,0.25,Ravager_WurmRavnica_AllegiancefalseNM-M,Gld,0,0.67,http://s.mtgprice.com/sets/Ravnica_Allegiance/img/Ravager Wurm.full.jpg,False,0.59,ChannelFireball,3RGG,Ravager Wurm,1.5151499509811401,3.076929330825805,0,M,Ravnica_Allegiance,/spoiler_lists/Ravnica_Allegiance,/sets/Ravnica_Allegiance/Ravager_Wurm
0.0,0.0,UNDEFINED,0.0,RegenesisRavnica_AllegiancefalseNM-M,G,0,0.03,http://s.mtgprice.com/sets/Ravnica_Allegiance/img/Regenesis.full.jpg,False,0.03,TCG Player,3GG,Regenesis,0.0,0.0,0,U,Ravnica_Allegiance,/spoiler_lists/Ravnica_Allegiance,/sets/Ravnica_Allegiance/Regenesis
0.0,0.0,UNDEFINED,0.0,ReplicateRavnica_AllegiancefalseNM-M,Gld,0,0.0,http://s.mtgprice.com/sets/Ravnica_Allegiance/img/Replicate.full.jpg,False,999999.0,Unknown,1GU,Replicate,,,0,R,Ravnica_Allegiance,/spoiler_lists/Ravnica_Allegiance,/sets/Ravnica_Allegiance/Replicate
0.0,0.0,UNDEFINED,0.0,RepudiateRavnica_AllegiancefalseNM-M,Gld,0,0.0,http://s.mtgprice.com/sets/Ravnica_Allegiance/img/Repudiate.full.jpg,False,999999.0,Unknown,G/UG/U,Repudiate,,,0,R,Ravnica_Allegiance,/spoiler_lists/Ravnica_Allegiance,/sets/Ravnica_Allegiance/Repudiate
0.7799999713897701,0.0,TCG Player,0.49,Resolute_WatchdogRavnica_AllegiancefalseNM-M,W,0,0.88,http://s.mtgprice.com/sets/Ravnica_Allegiance/img/Resolute Watchdog.full.jpg,False,0.2,Miniature Market,W,Resolute Watchdog,780.0,0.0,0,U,Ravnica_Allegiance,/spoiler_lists/Ravnica_Allegiance,/sets/Ravnica_Allegiance/Resolute_Watchdog
0.0,0.0,UNDEFINED,0.0,RevengeRavnica_AllegiancefalseNM-M,Gld,0,0.0,http://s.mtgprice.com/sets/Ravnica_Allegiance/img/Revenge.full.jpg,False,999999.0,Unknown,4WB,Revenge,,,0,R,Ravnica_Allegiance,/spoiler_lists/Ravnica_Allegiance,/sets/Ravnica_Allegiance/Revenge
0.0,0.0,UNDEFINED,0.0,RevivalRavnica_AllegiancefalseNM-M,Gld,0,0.0,http://s.mtgprice.com/sets/Ravnica_Allegiance/img/Revival.full.jpg,False,999999.0,Unknown,W/BW/B,Revival,,,0,R,Ravnica_Allegiance,/spoiler_lists/Ravnica_Allegiance,/sets/Ravnica_Allegiance/Revival
-0.159999966621398,0.0,StrikeZone,1.25,Rhythm_of_the_WildRavnica_AllegiancefalseNM-M,Gld,0,1.48,http://s.mtgprice.com/sets/Ravnica_Allegiance/img/Rhythm of the Wild.full.jpg,False,0.79,TrollAndToad,1RG,Rhythm of the Wild,-9.756095886230469,0.0,0,U,Ravnica_Allegiance,/spoiler_lists/Ravnica_Allegiance,/sets/Ravnica_Allegiance/Rhythm_of_the_Wild
-0.010000005364418,0.0,Card Kingdom,0.1,Rix_Maadi_RevelerRavnica_AllegiancefalseNM-M,R,0,0.19,http://s.mtgprice.com/sets/Ravnica_Allegiance/img/Rix Maadi Reveler.full.jpg,False,0.19,TCG Player,1R,Rix Maadi Reveler,-5.000002861022949,0.0,0,R,Ravnica_Allegiance,/spoiler_lists/Ravnica_Allegiance,/sets/Ravnica_Allegiance/Rix_Maadi_Reveler
0.0,0.0,UNDEFINED,0.0,Root_SnareRavnica_AllegiancefalseNM-M,G,0,0.04,http://s.mtgprice.com/sets/Ravnica_Allegiance/img/Root Snare.full.jpg,False,0.04,TCG Player,1G,Root Snare,0.0,0.0,0,C,Ravnica_Allegiance,/spoiler_lists/Ravnica_Allegiance,/sets/Ravnica_Allegiance/Root_Snare
0.0,0.0,UNDEFINED,0.0,Rubble_ReadingRavnica_AllegiancefalseNM-M,R,0,0.02,http://s.mtgprice.com/sets/Ravnica_Allegiance/img/Rubble Reading.full.jpg,False,0.02,TCG Player,3R,Rubble Reading,0.0,0.0,0,C,Ravnica_Allegiance,/spoiler_lists/Ravnica_Allegiance,/sets/Ravnica_Allegiance/Rubble_Reading
0.0,0.009999999776482001,UNDEFINED,0.0,Rubble_SlingerRavnica_AllegiancefalseNM-M,Gld,0,0.02,http://s.mtgprice.com/sets/Ravnica_Allegiance/img/Rubble Slinger.full.jpg,False,0.02,TCG Player,2R/G,Rubble Slinger,0.0,100.0,0,C,Ravnica_Allegiance,/spoiler_lists/Ravnica_Allegiance,/sets/Ravnica_Allegiance/Rubble_Slinger
0.009999999776482001,0.009999999776482001,UNDEFINED,0.0,Rubblebelt_RecluseRavnica_AllegiancefalseNM-M,R,0,0.02,http://s.mtgprice.com/sets/Ravnica_Allegiance/img/Rubblebelt Recluse.full.jpg,False,0.02,TCG Player,4R,Rubblebelt Recluse,100.0,100.0,0,C,Ravnica_Allegiance,/spoiler_lists/Ravnica_Allegiance,/sets/Ravnica_Allegiance/Rubblebelt_Recluse
0.0,0.0,UNDEFINED,0.0,Rubblebelt_RunnerRavnica_AllegiancefalseNM-M,Gld,0,0.02,http://s.mtgprice.com/sets/Ravnica_Allegiance/img/Rubblebelt Runner.full.jpg,False,0.02,TCG Player,1RG,Rubblebelt Runner,0.0,0.0,0,C,Ravnica_Allegiance,/spoiler_lists/Ravnica_Allegiance,/sets/Ravnica_Allegiance/Rubblebelt_Runner
0.0,0.0,UNDEFINED,0.0,Rumbling_RuinRavnica_AllegiancefalseNM-M,R,0,0.03,http://s.mtgprice.com/sets/Ravnica_Allegiance/img/Rumbling Ruin.full.jpg,False,0.03,TCG Player,5R,Rumbling Ruin,0.0,0.0,0,U,Ravnica_Allegiance,/spoiler_lists/Ravnica_Allegiance,/sets/Ravnica_Allegiance/Rumbling_Ruin
0.0,0.0,UNDEFINED,0.0,Sage's_Row_SavantRavnica_AllegiancefalseNM-M,U,0,0.01,http://s.mtgprice.com/sets/Ravnica_Allegiance/img/Sage's Row Savant.full.jpg,False,0.01,TCG Player,1U,Sage's Row Savant,0.0,0.0,0,C,Ravnica_Allegiance,/spoiler_lists/Ravnica_Allegiance,/sets/Ravnica_Allegiance/Sage's_Row_Savant
0.0,0.0,UNDEFINED,0.0,Sagittars'_VolleyRavnica_AllegiancefalseNM-M,G,0,0.02,http://s.mtgprice.com/sets/Ravnica_Allegiance/img/Sagittars' Volley.full.jpg,False,0.02,TCG Player,2G,Sagittars' Volley,0.0,0.0,0,C,Ravnica_Allegiance,/spoiler_lists/Ravnica_Allegiance,/sets/Ravnica_Allegiance/Sagittars'_Volley
-0.009999997913837001,0.0,UNDEFINED,0.0,Saruli_CaretakerRavnica_AllegiancefalseNM-M,G,0,0.07,http://s.mtgprice.com/sets/Ravnica_Allegiance/img/Saruli Caretaker.full.jpg,False,0.07,TCG Player,G,Saruli Caretaker,-12.499998092651367,0.0,0,C,Ravnica_Allegiance,/spoiler_lists/Ravnica_Allegiance,/sets/Ravnica_Allegiance/Saruli_Caretaker
0.0,0.0,UNDEFINED,0.0,Sauroform_HybridRavnica_AllegiancefalseNM-M,G,0,0.02,http://s.mtgprice.com/sets/Ravnica_Allegiance/img/Sauroform Hybrid.full.jpg,False,0.02,TCG Player,1G,Sauroform Hybrid,0.0,0.0,0,C,Ravnica_Allegiance,/spoiler_lists/Ravnica_Allegiance,/sets/Ravnica_Allegiance/Sauroform_Hybrid
0.0,0.0,UNDEFINED,0.0,Savage_SmashRavnica_AllegiancefalseNM-M,Gld,0,0.04,http://s.mtgprice.com/sets/Ravnica_Allegiance/img/Savage Smash.full.jpg,False,0.04,TCG Player,1RG,Savage Smash,0.0,0.0,0,C,Ravnica_Allegiance,/spoiler_lists/Ravnica_Allegiance,/sets/Ravnica_Allegiance/Savage_Smash
0.0,0.0,UNDEFINED,0.0,ScorchmarkRavnica_AllegiancefalseNM-M,R,0,0.01,http://s.mtgprice.com/sets/Ravnica_Allegiance/img/Scorchmark.full.jpg,False,0.01,TCG Player,1R,Scorchmark,0.0,0.0,0,C,Ravnica_Allegiance,/spoiler_lists/Ravnica_Allegiance,/sets/Ravnica_Allegiance/Scorchmark
0.0,0.0,UNDEFINED,0.0,Scrabbling_ClawsRavnica_AllegiancefalseNM-M,NA,0,0.04,http://s.mtgprice.com/sets/Ravnica_Allegiance/img/Scrabbling Claws.full.jpg,False,0.04,TCG Player,1,Scrabbling Claws,0.0,0.0,0,U,Ravnica_Allegiance,/spoiler_lists/Ravnica_Allegiance,/sets/Ravnica_Allegiance/Scrabbling_Claws
0.0,0.0,UNDEFINED,0.0,Screaming_ShieldRavnica_AllegiancefalseNM-M,NA,0,0.03,http://s.mtgprice.com/sets/Ravnica_Allegiance/img/Screaming Shield.full.jpg,False,0.03,TCG Player,1,Screaming Shield,0.0,0.0,0,U,Ravnica_Allegiance,/spoiler_lists/Ravnica_Allegiance,/sets/Ravnica_Allegiance/Screaming_Shield
0.0,0.0,UNDEFINED,0.0,ScuttlegatorRavnica_AllegiancefalseNM-M,Gld,0,0.02,http://s.mtgprice.com/sets/Ravnica_Allegiance/img/Scuttlegator.full.jpg,False,0.02,TCG Player,4G/UG/U,Scuttlegator,0.0,0.0,0,C,Ravnica_Allegiance,/spoiler_lists/Ravnica_Allegiance,/sets/Ravnica_Allegiance/Scuttlegator
0.0,0.0,UNDEFINED,0.0,Senate_CourierRavnica_AllegiancefalseNM-M,U,0,0.01,http://s.mtgprice.com/sets/Ravnica_Allegiance/img/Senate Courier.full.jpg,False,0.01,TCG Player,2U,Senate Courier,0.0,0.0,0,C,Ravnica_Allegiance,/spoiler_lists/Ravnica_Allegiance,/sets/Ravnica_Allegiance/Senate_Courier
0.0,0.0,UNDEFINED,0.0,Senate_GriffinRavnica_AllegiancefalseNM-M,Gld,0,0.01,http://s.mtgprice.com/sets/Ravnica_Allegiance/img/Senate Griffin.full.jpg,False,0.01,TCG Player,2W/UW/U,Senate Griffin,0.0,0.0,0,C,Ravnica_Allegiance,/spoiler_lists/Ravnica_Allegiance,/sets/Ravnica_Allegiance/Senate_Griffin
-0.010000001639127001,-0.010000001639127001,UNDEFINED,0.0,Senate_GuildmageRavnica_AllegiancefalseNM-M,Gld,0,0.04,http://s.mtgprice.com/sets/Ravnica_Allegiance/img/Senate Guildmage.full.jpg,False,0.04,TCG Player,WU,Senate Guildmage,-20.000003814697266,-20.000003814697266,0,U,Ravnica_Allegiance,/spoiler_lists/Ravnica_Allegiance,/sets/Ravnica_Allegiance/Senate_Guildmage
0.0,0.0,UNDEFINED,0.0,Sentinel's_MarkRavnica_AllegiancefalseNM-M,W,0,0.08,http://s.mtgprice.com/sets/Ravnica_Allegiance/img/Sentinel's Mark.full.jpg,False,0.08,TCG Player,1W,Sentinel's Mark,0.0,0.0,0,U,Ravnica_Allegiance,/spoiler_lists/Ravnica_Allegiance,/sets/Ravnica_Allegiance/Sentinel's_Mark
0.600000023841857,0.0,Miniature Market,1.7,Seraph_of_the_ScalesRavnica_AllegiancefalseNM-M,Gld,0,1.8900000000000001,http://s.mtgprice.com/sets/Ravnica_Allegiance/img/Seraph of the Scales.full.jpg,False,1.59,ChannelFireball,2WB,Seraph of the Scales,46.51163101196289,0.0,0,M,Ravnica_Allegiance,/spoiler_lists/Ravnica_Allegiance,/sets/Ravnica_Allegiance/Seraph_of_the_Scales
-0.019999999552965,0.0,UNDEFINED,0.0,SharktocrabRavnica_AllegiancefalseNM-M,Gld,0,0.06,http://s.mtgprice.com/sets/Ravnica_Allegiance/img/Sharktocrab.full.jpg,False,0.06,TCG Player,2GU,Sharktocrab,-25.0,0.0,0,U,Ravnica_Allegiance,/spoiler_lists/Ravnica_Allegiance,/sets/Ravnica_Allegiance/Sharktocrab
-0.019999999552965,0.0,UNDEFINED,0.0,Shimmer_of_PossibilityRavnica_AllegiancefalseNM-M,U,0,0.05,http://s.mtgprice.com/sets/Ravnica_Allegiance/img/Shimmer of Possibility.full.jpg,False,0.05,TCG Player,1U,Shimmer of Possibility,-28.571426391601562,0.0,0,C,Ravnica_Allegiance,/spoiler_lists/Ravnica_Allegiance,/sets/Ravnica_Allegiance/Shimmer_of_Possibility
0.0,0.0,UNDEFINED,0.0,Silhana_WayfinderRavnica_AllegiancefalseNM-M,G,0,0.03,http://s.mtgprice.com/sets/Ravnica_Allegiance/img/Silhana Wayfinder.full.jpg,False,0.03,TCG Player,1G,Silhana Wayfinder,0.0,0.0,0,U,Ravnica_Allegiance,/spoiler_lists/Ravnica_Allegiance,/sets/Ravnica_Allegiance/Silhana_Wayfinder
-0.600000023841857,0.0,ABUGames,0.5,Simic_AscendancyRavnica_AllegiancefalseNM-M,Gld,0,0.99,http://s.mtgprice.com/sets/Ravnica_Allegiance/img/Simic Ascendancy.full.jpg,False,0.89,ChannelFireball,GU,Simic Ascendancy,-37.7358512878418,0.0,0,R,Ravnica_Allegiance,/spoiler_lists/Ravnica_Allegiance,/sets/Ravnica_Allegiance/Simic_Ascendancy
0.0,0.0,UNDEFINED,0.0,Simic_GuildgateRavnica_AllegiancefalseNM-M,Lnd,0,0.18,http://s.mtgprice.com/sets/Ravnica_Allegiance/img/Simic Guildgate.full.jpg,False,0.15,Miniature Market,,Simic Guildgate,0.0,0.0,0,C,Ravnica_Allegiance,/spoiler_lists/Ravnica_Allegiance,/sets/Ravnica_Allegiance/Simic_Guildgate
-0.010000001639127001,0.0,ABUGames,0.03,Simic_LocketRavnica_AllegiancefalseNM-M,NA,0,0.04,http://s.mtgprice.com/sets/Ravnica_Allegiance/img/Simic Locket.full.jpg,False,0.04,TCG Player,3,Simic Locket,-20.000003814697266,0.0,0,C,Ravnica_Allegiance,/spoiler_lists/Ravnica_Allegiance,/sets/Ravnica_Allegiance/Simic_Locket
-0.020000040531158003,0.0,Miniature Market,0.75,Skarrgan_HellkiteRavnica_AllegiancefalseNM-M,R,0,0.89,http://s.mtgprice.com/sets/Ravnica_Allegiance/img/Skarrgan Hellkite.full.jpg,False,0.69,ChannelFireball,3RR,Skarrgan Hellkite,-2.197806596755981,0.0,0,M,Ravnica_Allegiance,/spoiler_lists/Ravnica_Allegiance,/sets/Ravnica_Allegiance/Skarrgan_Hellkite
0.019999999552965,-0.009999997913837001,UNDEFINED,0.0,Skatewing_SpyRavnica_AllegiancefalseNM-M,U,0,0.07,http://s.mtgprice.com/sets/Ravnica_Allegiance/img/Skatewing Spy.full.jpg,False,0.07,TCG Player,3U,Skatewing Spy,39.999996185302734,-12.499998092651367,0,U,Ravnica_Allegiance,/spoiler_lists/Ravnica_Allegiance,/sets/Ravnica_Allegiance/Skatewing_Spy
0.12000000476837101,0.0,StrikeZone,0.1,Skewer_the_CriticsRavnica_AllegiancefalseNM-M,R,0,0.4,http://s.mtgprice.com/sets/Ravnica_Allegiance/img/Skewer the Critics.full.jpg,False,0.25,Card Kingdom,2R,Skewer the Critics,42.85714340209961,0.0,0,C,Ravnica_Allegiance,/spoiler_lists/Ravnica_Allegiance,/sets/Ravnica_Allegiance/Skewer_the_Critics
0.0,0.0,UNDEFINED,0.0,Skitter_EelRavnica_AllegiancefalseNM-M,U,0,0.02,http://s.mtgprice.com/sets/Ravnica_Allegiance/img/Skitter Eel.full.jpg,False,0.02,TCG Player,3U,Skitter Eel,0.0,0.0,0,C,Ravnica_Allegiance,/spoiler_lists/Ravnica_Allegiance,/sets/Ravnica_Allegiance/Skitter_Eel
0.0,-0.019999999552965,UNDEFINED,0.0,Sky_TetherRavnica_AllegiancefalseNM-M,W,0,0.05,http://s.mtgprice.com/sets/Ravnica_Allegiance/img/Sky Tether.full.jpg,False,0.05,TCG Player,W,Sky Tether,0.0,-28.571426391601562,0,U,Ravnica_Allegiance,/spoiler_lists/Ravnica_Allegiance,/sets/Ravnica_Allegiance/Sky_Tether
0.0,0.0,UNDEFINED,0.0,SlimebindRavnica_AllegiancefalseNM-M,U,0,0.02,http://s.mtgprice.com/sets/Ravnica_Allegiance/img/Slimebind.full.jpg,False,0.02,TCG Player,1U,Slimebind,0.0,0.0,0,C,Ravnica_Allegiance,/spoiler_lists/Ravnica_Allegiance,/sets/Ravnica_Allegiance/Slimebind
0.0,0.0,UNDEFINED,0.0,Smelt-Ward_IgnusRavnica_AllegiancefalseNM-M,R,0,0.04,http://s.mtgprice.com/sets/Ravnica_Allegiance/img/Smelt-Ward Ignus.full.jpg,False,0.04,TCG Player,1R,Smelt-Ward Ignus,0.0,0.0,0,U,Ravnica_Allegiance,/spoiler_lists/Ravnica_Allegiance,/sets/Ravnica_Allegiance/Smelt-Ward_Ignus
2.139999389648437,0.139999389648437,TCG Player,12.0,Smothering_TitheRavnica_AllegiancefalseNM-M,W,0,16.63,http://s.mtgprice.com/sets/Ravnica_Allegiance/img/Smothering Tithe.full.jpg,False,7.99,TrollAndToad,3W,Smothering Tithe,14.76880168914795,0.848995685577392,0,R,Ravnica_Allegiance,/spoiler_lists/Ravnica_Allegiance,/sets/Ravnica_Allegiance/Smothering_Tithe
-0.02999997138977,-0.02999997138977,Miniature Market,2.1,Spawn_of_MayhemRavnica_AllegiancefalseNM-M,B,0,2.43,http://s.mtgprice.com/sets/Ravnica_Allegiance/img/Spawn of Mayhem.full.jpg,False,2.29,ChannelFireball,2BB,Spawn of Mayhem,-1.219511032104492,-1.219511032104492,0,M,Ravnica_Allegiance,/spoiler_lists/Ravnica_Allegiance,/sets/Ravnica_Allegiance/Spawn_of_Mayhem
-0.019999999552965,-0.009999997913837001,UNDEFINED,0.0,Spear_SpewerRavnica_AllegiancefalseNM-M,R,0,0.05,http://s.mtgprice.com/sets/Ravnica_Allegiance/img/Spear Spewer.full.jpg,False,0.05,TCG Player,R,Spear Spewer,-28.571426391601562,-16.666664123535156,0,C,Ravnica_Allegiance,/spoiler_lists/Ravnica_Allegiance,/sets/Ravnica_Allegiance/Spear_Spewer
0.0,0.0,UNDEFINED,0.0,Sphinx's_InsightRavnica_AllegiancefalseNM-M,Gld,0,0.02,http://s.mtgprice.com/sets/Ravnica_Allegiance/img/Sphinx's Insight.full.jpg,False,0.02,TCG Player,2WU,Sphinx's Insight,0.0,0.0,0,C,Ravnica_Allegiance,/spoiler_lists/Ravnica_Allegiance,/sets/Ravnica_Allegiance/Sphinx's_Insight
0.0,0.0,Miniature Market,0.25,Sphinx_of_ForesightRavnica_AllegiancefalseNM-M,U,0,0.49,http://s.mtgprice.com/sets/Ravnica_Allegiance/img/Sphinx of Foresight.full.jpg,False,0.25,Card Kingdom,2UU,Sphinx of Foresight,0.0,0.0,0,R,Ravnica_Allegiance,/spoiler_lists/Ravnica_Allegiance,/sets/Ravnica_Allegiance/Sphinx_of_Foresight
0.009999999776482001,-0.010000001639127001,UNDEFINED,0.0,Sphinx_of_New_PrahvRavnica_AllegiancefalseNM-M,Gld,0,0.04,http://s.mtgprice.com/sets/Ravnica_Allegiance/img/Sphinx of New Prahv.full.jpg,False,0.04,TCG Player,WWUU,Sphinx of New Prahv,33.333335876464844,-20.000003814697266,0,U,Ravnica_Allegiance,/spoiler_lists/Ravnica_Allegiance,/sets/Ravnica_Allegiance/Sphinx_of_New_Prahv
0.0,0.0,UNDEFINED,0.0,Sphinx_of_the_GuildpactRavnica_AllegiancefalseNM-M,Gld,0,0.03,http://s.mtgprice.com/sets/Ravnica_Allegiance/img/Sphinx of the Guildpact.full.jpg,False,0.03,TCG Player,7,Sphinx of the Guildpact,0.0,0.0,0,U,Ravnica_Allegiance,/spoiler_lists/Ravnica_Allegiance,/sets/Ravnica_Allegiance/Sphinx_of_the_Guildpact
0.0,0.009999999776482001,UNDEFINED,0.0,Spikewheel_AcrobatRavnica_AllegiancefalseNM-M,R,0,0.02,http://s.mtgprice.com/sets/Ravnica_Allegiance/img/Spikewheel Acrobat.full.jpg,False,0.02,TCG Player,3R,Spikewheel Acrobat,0.0,100.0,0,C,Ravnica_Allegiance,/spoiler_lists/Ravnica_Allegiance,/sets/Ravnica_Allegiance/Spikewheel_Acrobat
0.0,0.0,UNDEFINED,0.0,Spire_ManglerRavnica_AllegiancefalseNM-M,B,0,0.03,http://s.mtgprice.com/sets/Ravnica_Allegiance/img/Spire Mangler.full.jpg,False,0.03,TCG Player,2B,Spire Mangler,0.0,0.0,0,U,Ravnica_Allegiance,/spoiler_lists/Ravnica_Allegiance,/sets/Ravnica_Allegiance/Spire_Mangler
0.0,0.0,UNDEFINED,0.0,Spirit_of_the_SpiresRavnica_AllegiancefalseNM-M,W,0,0.03,http://s.mtgprice.com/sets/Ravnica_Allegiance/img/Spirit of the Spires.full.jpg,False,0.03,TCG Player,3W,Spirit of the Spires,0.0,0.0,0,U,Ravnica_Allegiance,/spoiler_lists/Ravnica_Allegiance,/sets/Ravnica_Allegiance/Spirit_of_the_Spires
0.0,0.0,UNDEFINED,0.0,Steeple_CreeperRavnica_AllegiancefalseNM-M,G,0,0.02,http://s.mtgprice.com/sets/Ravnica_Allegiance/img/Steeple Creeper.full.jpg,False,0.02,TCG Player,2G,Steeple Creeper,0.0,0.0,0,C,Ravnica_Allegiance,/spoiler_lists/Ravnica_Allegiance,/sets/Ravnica_Allegiance/Steeple_Creeper
0.5,0.030000209808349002,StrikeZone,6.0,Stomping_GroundRavnica_AllegiancefalseNM-M,Lnd,0,7.48,http://s.mtgprice.com/sets/Ravnica_Allegiance/img/Stomping Ground.full.jpg,False,7.48,TCG Player,,Stomping Ground,7.163323402404785,0.402687400579452,0,R,Ravnica_Allegiance,/spoiler_lists/Ravnica_Allegiance,/sets/Ravnica_Allegiance/Stomping_Ground
-0.019999999552965,-0.009999997913837001,UNDEFINED,0.0,Stony_StrengthRavnica_AllegiancefalseNM-M,G,0,0.05,http://s.mtgprice.com/sets/Ravnica_Allegiance/img/Stony Strength.full.jpg,False,0.05,TCG Player,G,Stony Strength,-28.571426391601562,-16.666664123535156,0,C,Ravnica_Allegiance,/spoiler_lists/Ravnica_Allegiance,/sets/Ravnica_Allegiance/Stony_Strength
0.0,0.0,UNDEFINED,0.0,Storm_StrikeRavnica_AllegiancefalseNM-M,R,0,0.02,http://s.mtgprice.com/sets/Ravnica_Allegiance/img/Storm Strike.full.jpg,False,0.02,TCG Player,R,Storm Strike,0.0,0.0,0,C,Ravnica_Allegiance,/spoiler_lists/Ravnica_Allegiance,/sets/Ravnica_Allegiance/Storm_Strike
0.0,0.0,UNDEFINED,0.0,Summary_JudgmentRavnica_AllegiancefalseNM-M,W,0,0.79,http://s.mtgprice.com/sets/Ravnica_Allegiance/img/Summary Judgment.full.jpg,False,0.15,ChannelFireball,1W,Summary Judgment,0.0,0.0,0,C,Ravnica_Allegiance,/spoiler_lists/Ravnica_Allegiance,/sets/Ravnica_Allegiance/Summary_Judgment
-0.009999997913837001,0.0,UNDEFINED,0.0,Sunder_ShamanRavnica_AllegiancefalseNM-M,Gld,0,0.1,http://s.mtgprice.com/sets/Ravnica_Allegiance/img/Sunder Shaman.full.jpg,False,0.1,TCG Player,RRGG,Sunder Shaman,-9.090907096862793,0.0,0,U,Ravnica_Allegiance,/spoiler_lists/Ravnica_Allegiance,/sets/Ravnica_Allegiance/Sunder_Shaman
-0.009999990463256002,0.0,Card Kingdom,0.05,SwampRavnica_AllegiancefalseNM-M,Lnd,0,0.33,http://s.mtgprice.com/sets/Ravnica_Allegiance/img/Swamp.full.jpg,False,0.33,TCG Player,,Swamp,-2.941173791885376,0.0,0,C,Ravnica_Allegiance,/spoiler_lists/Ravnica_Allegiance,/sets/Ravnica_Allegiance/Swamp
0.0,0.0,UNDEFINED,0.0,Swirling_TorrentRavnica_AllegiancefalseNM-M,U,0,0.03,http://s.mtgprice.com/sets/Ravnica_Allegiance/img/Swirling Torrent.full.jpg,False,0.03,TCG Player,5U,Swirling Torrent,0.0,0.0,0,U,Ravnica_Allegiance,/spoiler_lists/Ravnica_Allegiance,/sets/Ravnica_Allegiance/Swirling_Torrent
0.0,0.0,UNDEFINED,0.0,Sylvan_BrushstriderRavnica_AllegiancefalseNM-M,G,0,0.02,http://s.mtgprice.com/sets/Ravnica_Allegiance/img/Sylvan Brushstrider.full.jpg,False,0.02,TCG Player,2G,Sylvan Brushstrider,0.0,0.0,0,C,Ravnica_Allegiance,/spoiler_lists/Ravnica_Allegiance,/sets/Ravnica_Allegiance/Sylvan_Brushstrider
0.7600000500679011,0.7600000500679011,UNDEFINED,0.0,Syndicate_GuildmageRavnica_AllegiancefalseNM-M,Gld,0,0.79,http://s.mtgprice.com/sets/Ravnica_Allegiance/img/Syndicate Guildmage.full.jpg,False,0.2,Miniature Market,WB,Syndicate Guildmage,2533.33349609375,2533.33349609375,0,U,Ravnica_Allegiance,/spoiler_lists/Ravnica_Allegiance,/sets/Ravnica_Allegiance/Syndicate_Guildmage
0.7700000405311581,0.7800000309944151,UNDEFINED,0.0,Syndicate_MessengerRavnica_AllegiancefalseNM-M,W,0,0.79,http://s.mtgprice.com/sets/Ravnica_Allegiance/img/Syndicate Messenger.full.jpg,False,0.15,ChannelFireball,3W,Syndicate Messenger,3850.00048828125,7800.0009765625,0,C,Ravnica_Allegiance,/spoiler_lists/Ravnica_Allegiance,/sets/Ravnica_Allegiance/Syndicate_Messenger
0.0,0.009999999776482001,UNDEFINED,0.0,Tenth_District_VeteranRavnica_AllegiancefalseNM-M,W,0,0.02,http://s.mtgprice.com/sets/Ravnica_Allegiance/img/Tenth District Veteran.full.jpg,False,0.02,TCG Player,2W,Tenth District Veteran,0.0,100.0,0,C,Ravnica_Allegiance,/spoiler_lists/Ravnica_Allegiance,/sets/Ravnica_Allegiance/Tenth_District_Veteran
0.0,0.009999999776482001,UNDEFINED,0.0,Territorial_BoarRavnica_AllegiancefalseNM-M,G,0,0.02,http://s.mtgprice.com/sets/Ravnica_Allegiance/img/Territorial Boar.full.jpg,False,0.02,TCG Player,1G,Territorial Boar,0.0,100.0,0,C,Ravnica_Allegiance,/spoiler_lists/Ravnica_Allegiance,/sets/Ravnica_Allegiance/Territorial_Boar
-0.20000004768371502,-0.24000000953674303,TCG Player,1.02,Teysa_KarlovRavnica_AllegiancefalseNM-M,Gld,0,1.75,http://s.mtgprice.com/sets/Ravnica_Allegiance/img/Teysa Karlov.full.jpg,False,0.59,TrollAndToad,2WB,Teysa Karlov,-10.256412506103516,-12.060301780700684,0,R,Ravnica_Allegiance,/spoiler_lists/Ravnica_Allegiance,/sets/Ravnica_Allegiance/Teysa_Karlov
0.0,0.0,UNDEFINED,0.0,The_Haunt_of_HightowerRavnica_AllegiancefalseNM-M,B,0,0.0,http://s.mtgprice.com/sets/Ravnica_Allegiance/img/The Haunt of Hightower.full.jpg,False,999999.0,Unknown,4BB,The Haunt of Hightower,,,0,M,Ravnica_Allegiance,/spoiler_lists/Ravnica_Allegiance,/sets/Ravnica_Allegiance/The_Haunt_of_Hightower
-0.010000005364418,-0.010000005364418,Card Kingdom,0.1,Theater_of_HorrorsRavnica_AllegiancefalseNM-M,Gld,0,0.24,http://s.mtgprice.com/sets/Ravnica_Allegiance/img/Theater of Horrors.full.jpg,False,0.24,TCG Player,1BR,Theater of Horrors,-4.000001907348633,-4.000001907348633,0,R,Ravnica_Allegiance,/spoiler_lists/Ravnica_Allegiance,/sets/Ravnica_Allegiance/Theater_of_Horrors
0.0,0.0,UNDEFINED,0.0,Thirsting_ShadeRavnica_AllegiancefalseNM-M,B,0,0.01,http://s.mtgprice.com/sets/Ravnica_Allegiance/img/Thirsting Shade.full.jpg,False,0.01,TCG Player,B,Thirsting Shade,0.0,0.0,0,C,Ravnica_Allegiance,/spoiler_lists/Ravnica_Allegiance,/sets/Ravnica_Allegiance/Thirsting_Shade
-0.10999999195337201,0.0,ABUGames,0.05,Thought_CollapseRavnica_AllegiancefalseNM-M,U,0,0.1,http://s.mtgprice.com/sets/Ravnica_Allegiance/img/Thought Collapse.full.jpg,False,0.1,TCG Player,1UU,Thought Collapse,-52.380950927734375,0.0,0,C,Ravnica_Allegiance,/spoiler_lists/Ravnica_Allegiance,/sets/Ravnica_Allegiance/Thought_Collapse
0.0,0.0,UNDEFINED,0.0,ThrashRavnica_AllegiancefalseNM-M,Gld,0,0.0,http://s.mtgprice.com/sets/Ravnica_Allegiance/img/Thrash.full.jpg,False,999999.0,Unknown,R/GR/G,Thrash,,,0,R,Ravnica_Allegiance,/spoiler_lists/Ravnica_Allegiance,/sets/Ravnica_Allegiance/Thrash
0.0,0.0,UNDEFINED,0.0,ThreatRavnica_AllegiancefalseNM-M,Gld,0,0.0,http://s.mtgprice.com/sets/Ravnica_Allegiance/img/Threat.full.jpg,False,999999.0,Unknown,2RG,Threat,,,0,R,Ravnica_Allegiance,/spoiler_lists/Ravnica_Allegiance,/sets/Ravnica_Allegiance/Threat
-0.010000005364418,0.0,ABUGames,0.03,Tin_Street_DodgerRavnica_AllegiancefalseNM-M,R,0,0.08,http://s.mtgprice.com/sets/Ravnica_Allegiance/img/Tin Street Dodger.full.jpg,False,0.08,TCG Player,R,Tin Street Dodger,-11.111116409301758,0.0,0,U,Ravnica_Allegiance,/spoiler_lists/Ravnica_Allegiance,/sets/Ravnica_Allegiance/Tin_Street_Dodger
0.740000009536743,0.740000009536743,UNDEFINED,0.0,Titanic_BrawlRavnica_AllegiancefalseNM-M,G,0,0.81,http://s.mtgprice.com/sets/Ravnica_Allegiance/img/Titanic Brawl.full.jpg,False,0.15,ChannelFireball,1G,Titanic Brawl,1057.142822265625,1057.142822265625,0,C,Ravnica_Allegiance,/spoiler_lists/Ravnica_Allegiance,/sets/Ravnica_Allegiance/Titanic_Brawl
0.159999966621398,0.0,Miniature Market,0.5,Tithe_TakerRavnica_AllegiancefalseNM-M,W,0,1.15,http://s.mtgprice.com/sets/Ravnica_Allegiance/img/Tithe Taker.full.jpg,False,0.59,StrikeZone,1W,Tithe Taker,16.16161346435547,0.0,0,R,Ravnica_Allegiance,/spoiler_lists/Ravnica_Allegiance,/sets/Ravnica_Allegiance/Tithe_Taker
-0.030000001192092004,-0.049999997019767005,ChannelFireball,0.08,Tome_of_the_GuildpactRavnica_AllegiancefalseNM-M,NA,0,0.2,http://s.mtgprice.com/sets/Ravnica_Allegiance/img/Tome of the Guildpact.full.jpg,False,0.2,TCG Player,5,Tome of the Guildpact,-13.043478012084961,-19.999998092651367,0,R,Ravnica_Allegiance,/spoiler_lists/Ravnica_Allegiance,/sets/Ravnica_Allegiance/Tome_of_the_Guildpact
0.720000028610229,0.720000028610229,UNDEFINED,0.0,Tower_DefenseRavnica_AllegiancefalseNM-M,G,0,0.79,http://s.mtgprice.com/sets/Ravnica_Allegiance/img/Tower Defense.full.jpg,False,0.2,Miniature Market,1G,Tower Defense,1028.571533203125,1028.571533203125,0,U,Ravnica_Allegiance,/spoiler_lists/Ravnica_Allegiance,/sets/Ravnica_Allegiance/Tower_Defense
0.0,0.0,UNDEFINED,0.0,Trollbred_GuardianRavnica_AllegiancefalseNM-M,G,0,0.05,http://s.mtgprice.com/sets/Ravnica_Allegiance/img/Trollbred Guardian.full.jpg,False,0.05,TCG Player,4G,Trollbred Guardian,0.0,0.0,0,U,Ravnica_Allegiance,/spoiler_lists/Ravnica_Allegiance,/sets/Ravnica_Allegiance/Trollbred_Guardian
-0.010000001639127001,0.0,UNDEFINED,0.0,Twilight_PantherRavnica_AllegiancefalseNM-M,W,0,0.04,http://s.mtgprice.com/sets/Ravnica_Allegiance/img/Twilight Panther.full.jpg,False,0.04,TCG Player,W,Twilight Panther,-20.000003814697266,0.0,0,C,Ravnica_Allegiance,/spoiler_lists/Ravnica_Allegiance,/sets/Ravnica_Allegiance/Twilight_Panther
-0.290000200271606,0.0,StrikeZone,1.5,Unbreakable_FormationRavnica_AllegiancefalseNM-M,W,0,2.09,http://s.mtgprice.com/sets/Ravnica_Allegiance/img/Unbreakable Formation.full.jpg,False,0.89,TrollAndToad,2W,Unbreakable Formation,-12.184881210327148,0.0,0,R,Ravnica_Allegiance,/spoiler_lists/Ravnica_Allegiance,/sets/Ravnica_Allegiance/Unbreakable_Formation
0.0,0.0,UNDEFINED,0.0,Undercity's_EmbraceRavnica_AllegiancefalseNM-M,B,0,0.02,http://s.mtgprice.com/sets/Ravnica_Allegiance/img/Undercity's Embrace.full.jpg,False,0.02,TCG Player,2B,Undercity's Embrace,0.0,0.0,0,C,Ravnica_Allegiance,/spoiler_lists/Ravnica_Allegiance,/sets/Ravnica_Allegiance/Undercity's_Embrace
0.0,0.0,UNDEFINED,0.0,Undercity_ScavengerRavnica_AllegiancefalseNM-M,B,0,0.02,http://s.mtgprice.com/sets/Ravnica_Allegiance/img/Undercity Scavenger.full.jpg,False,0.02,TCG Player,3B,Undercity Scavenger,0.0,0.0,0,C,Ravnica_Allegiance,/spoiler_lists/Ravnica_Allegiance,/sets/Ravnica_Allegiance/Undercity_Scavenger
-0.050000011920928004,0.0,Card Kingdom,0.1,Verity_CircleRavnica_AllegiancefalseNM-M,U,0,0.22,http://s.mtgprice.com/sets/Ravnica_Allegiance/img/Verity Circle.full.jpg,False,0.22,TCG Player,2U,Verity Circle,-18.518522262573242,0.0,0,R,Ravnica_Allegiance,/spoiler_lists/Ravnica_Allegiance,/sets/Ravnica_Allegiance/Verity_Circle
0.019999995827674002,0.0,Card Kingdom,0.06,Vindictive_VampireRavnica_AllegiancefalseNM-M,B,0,0.2,http://s.mtgprice.com/sets/Ravnica_Allegiance/img/Vindictive Vampire.full.jpg,False,0.2,TCG Player,3B,Vindictive Vampire,11.11110782623291,0.0,0,U,Ravnica_Allegiance,/spoiler_lists/Ravnica_Allegiance,/sets/Ravnica_Allegiance/Vindictive_Vampire
0.0,0.0,UNDEFINED,0.0,Vizkopa_VampireRavnica_AllegiancefalseNM-M,Gld,0,0.02,http://s.mtgprice.com/sets/Ravnica_Allegiance/img/Vizkopa Vampire.full.jpg,False,0.02,TCG Player,2W/B,Vizkopa Vampire,0.0,0.0,0,C,Ravnica_Allegiance,/spoiler_lists/Ravnica_Allegiance,/sets/Ravnica_Allegiance/Vizkopa_Vampire
0.25,0.0,CoolStuff,0.15,Wall_of_Lost_ThoughtsRavnica_AllegiancefalseNM-M,U,0,0.6900000000000001,http://s.mtgprice.com/sets/Ravnica_Allegiance/img/Wall of Lost Thoughts.full.jpg,False,0.35,Card Kingdom,1U,Wall of Lost Thoughts,56.818180084228516,0.0,0,U,Ravnica_Allegiance,/spoiler_lists/Ravnica_Allegiance,/sets/Ravnica_Allegiance/Wall_of_Lost_Thoughts
0.0,0.0,UNDEFINED,0.0,WardenRavnica_AllegiancefalseNM-M,Gld,0,0.0,http://s.mtgprice.com/sets/Ravnica_Allegiance/img/Warden.full.jpg,False,999999.0,Unknown,3WU,Warden,,,0,R,Ravnica_Allegiance,/spoiler_lists/Ravnica_Allegiance,/sets/Ravnica_Allegiance/Warden
0.0,0.0,UNDEFINED,0.0,WarrantRavnica_AllegiancefalseNM-M,Gld,0,0.0,http://s.mtgprice.com/sets/Ravnica_Allegiance/img/Warrant.full.jpg,False,999999.0,Unknown,W/UW/U,Warrant,,,0,R,Ravnica_Allegiance,/spoiler_lists/Ravnica_Allegiance,/sets/Ravnica_Allegiance/Warrant
0.0,0.0,UNDEFINED,0.0,Watchful_GiantRavnica_AllegiancefalseNM-M,W,0,0.02,http://s.mtgprice.com/sets/Ravnica_Allegiance/img/Watchful Giant.full.jpg,False,0.02,TCG Player,5W,Watchful Giant,0.0,0.0,0,C,Ravnica_Allegiance,/spoiler_lists/Ravnica_Allegiance,/sets/Ravnica_Allegiance/Watchful_Giant
0.049999952316284006,0.24000000953674303,TCG Player,1.09,Wilderness_ReclamationRavnica_AllegiancefalseNM-M,G,0,2.73,http://s.mtgprice.com/sets/Ravnica_Allegiance/img/Wilderness Reclamation.full.jpg,False,1.19,TrollAndToad,3G,Wilderness Reclamation,1.865669846534729,9.638554573059082,0,U,Ravnica_Allegiance,/spoiler_lists/Ravnica_Allegiance,/sets/Ravnica_Allegiance/Wilderness_Reclamation
0.0,0.0,UNDEFINED,0.0,Windstorm_DrakeRavnica_AllegiancefalseNM-M,U,0,0.03,http://s.mtgprice.com/sets/Ravnica_Allegiance/img/Windstorm Drake.full.jpg,False,0.03,TCG Player,4U,Windstorm Drake,0.0,0.0,0,U,Ravnica_Allegiance,/spoiler_lists/Ravnica_Allegiance,/sets/Ravnica_Allegiance/Windstorm_Drake
0.0,0.0,UNDEFINED,0.0,Wrecking_BeastRavnica_AllegiancefalseNM-M,G,0,0.02,http://s.mtgprice.com/sets/Ravnica_Allegiance/img/Wrecking Beast.full.jpg,False,0.02,TCG Player,5GG,Wrecking Beast,0.0,0.0,0,C,Ravnica_Allegiance,/spoiler_lists/Ravnica_Allegiance,/sets/Ravnica_Allegiance/Wrecking_Beast
0.009999990463256002,0.0,Miniature Market,0.2,"Zegana,_Utopian_SpeakerRavnica_AllegiancefalseNM-M",Gld,0,0.35000000000000003,"http://s.mtgprice.com/sets/Ravnica_Allegiance/img/Zegana, Utopian Speaker.full.jpg",False,0.25,Card Kingdom,2GU,"Zegana, Utopian Speaker",2.941173791885376,0.0,0,R,Ravnica_Allegiance,/spoiler_lists/Ravnica_Allegiance,"/sets/Ravnica_Allegiance/Zegana,_Utopian_Speaker"
-0.029999993741512004,0.0,UNDEFINED,0.0,Zhur-Taa_GoblinRavnica_AllegiancefalseNM-M,Gld,0,0.1,http://s.mtgprice.com/sets/Ravnica_Allegiance/img/Zhur-Taa Goblin.full.jpg,False,0.1,TCG Player,RG,Zhur-Taa Goblin,-23.076919555664062,0.0,0,U,Ravnica_Allegiance,/spoiler_lists/Ravnica_Allegiance,/sets/Ravnica_Allegiance/Zhur-Taa_Goblin
