absoluteChangeSinceOneWeekAgo,absoluteChangeSinceYesterday,bestVendorBuylist,bestVendorBuylistPrice,cardId,countForTrade,fair_price,fullImageUrl,isFoil,lowestPrice,lowestPriceVendor,name,percentageChangeSinceOneWeekAgo,percentageChangeSinceYesterday,quantity,setName,setUrl,url
0.0,0.0,ChannelFireball,0.05,Affectionate_IndrikGuilds_of_Ravnica_FoiltrueNM-M,0,0.12,http://s.mtgprice.com/sets/Guilds_of_Ravnica/img/Affectionate Indrik.full.jpg,True,0.12,TCG Player,Affectionate Indrik,0.0,0.0,0,Guilds_of_Ravnica_Foil,/spoiler_lists/Guilds_of_Ravnic_(Foil),/sets/Guilds_of_Ravnica_Foil/Affectionate_Indrik
0.0,0.0,ChannelFireball,0.05,Arboretum_ElementalGuilds_of_Ravnica_FoiltrueNM-M,0,0.12,http://s.mtgprice.com/sets/Guilds_of_Ravnica/img/Arboretum Elemental.full.jpg,True,0.12,TCG Player,Arboretum Elemental,0.0,0.0,0,Guilds_of_Ravnica_Foil,/spoiler_lists/Guilds_of_Ravnic_(Foil),/sets/Guilds_of_Ravnica_Foil/Arboretum_Elemental
-0.039999961853027004,0.0,TCG Player,17.11,Arclight_PhoenixGuilds_of_Ravnica_FoiltrueNM-M,0,14.95,http://s.mtgprice.com/sets/Guilds_of_Ravnica/img/Arclight Phoenix.full.jpg,True,14.95,TCG Player,Arclight Phoenix,-0.266844302415847,0.0,0,Guilds_of_Ravnica_Foil,/spoiler_lists/Guilds_of_Ravnic_(Foil),/sets/Guilds_of_Ravnica_Foil/Arclight_Phoenix
0.0,0.0,ChannelFireball,0.05,Artful_TakedownGuilds_of_Ravnica_FoiltrueNM-M,0,0.09,http://s.mtgprice.com/sets/Guilds_of_Ravnica/img/Artful Takedown.full.jpg,True,0.09,TCG Player,Artful Takedown,0.0,0.0,0,Guilds_of_Ravnica_Foil,/spoiler_lists/Guilds_of_Ravnic_(Foil),/sets/Guilds_of_Ravnica_Foil/Artful_Takedown
-2.029998779296875,0.0,TCG Player,19.51,Assassin's_TrophyGuilds_of_Ravnica_FoiltrueNM-M,0,25.95,http://s.mtgprice.com/sets/Guilds_of_Ravnica/img/Assassin's Trophy.full.jpg,True,25.95,TCG Player,Assassin's Trophy,-7.255177974700928,0.0,0,Guilds_of_Ravnica_Foil,/spoiler_lists/Guilds_of_Ravnic_(Foil),/sets/Guilds_of_Ravnica_Foil/Assassin's_Trophy
0.0,0.0,UNDEFINED,0.0,AssembleGuilds_of_Ravnica_FoiltrueNM-M,0,0.0,http://s.mtgprice.com/sets/Guilds_of_Ravnica/img/Assemble.full.jpg,True,999999.0,Unknown,Assemble,,,0,Guilds_of_Ravnica_Foil,/spoiler_lists/Guilds_of_Ravnic_(Foil),/sets/Guilds_of_Ravnica_Foil/Assemble
0.0,0.0,UNDEFINED,0.0,AssureGuilds_of_Ravnica_FoiltrueNM-M,0,0.0,http://s.mtgprice.com/sets/Guilds_of_Ravnica/img/Assure.full.jpg,True,999999.0,Unknown,Assure,,,0,Guilds_of_Ravnica_Foil,/spoiler_lists/Guilds_of_Ravnic_(Foil),/sets/Guilds_of_Ravnica_Foil/Assure
0.0,0.0,UNDEFINED,0.0,Attendant_of_VraskaGuilds_of_Ravnica_FoiltrueNM-M,0,0.0,http://s.mtgprice.com/sets/Guilds_of_Ravnica/img/Attendant of Vraska.full.jpg,True,999999.0,Unknown,Attendant of Vraska,,,0,Guilds_of_Ravnica_Foil,/spoiler_lists/Guilds_of_Ravnic_(Foil),/sets/Guilds_of_Ravnica_Foil/Attendant_of_Vraska
0.0,0.0,ChannelFireball,2.5,"Aurelia,_Exemplar_of_JusticeGuilds_of_Ravnica_FoiltrueNM-M",0,4.49,"http://s.mtgprice.com/sets/Guilds_of_Ravnica/img/Aurelia, Exemplar of Justice.full.jpg",True,3.99,CoolStuff,"Aurelia, Exemplar of Justice",0.0,0.0,0,Guilds_of_Ravnica_Foil,/spoiler_lists/Guilds_of_Ravnic_(Foil),"/sets/Guilds_of_Ravnica_Foil/Aurelia,_Exemplar_of_Justice"
0.0,0.0,ChannelFireball,0.05,Barging_SergeantGuilds_of_Ravnica_FoiltrueNM-M,0,0.85,http://s.mtgprice.com/sets/Guilds_of_Ravnica/img/Barging Sergeant.full.jpg,True,0.19,ABUGames,Barging Sergeant,0.0,0.0,0,Guilds_of_Ravnica_Foil,/spoiler_lists/Guilds_of_Ravnic_(Foil),/sets/Guilds_of_Ravnica_Foil/Barging_Sergeant
0.0,0.0,Card Kingdom,0.06,Barrier_of_BonesGuilds_of_Ravnica_FoiltrueNM-M,0,0.2,http://s.mtgprice.com/sets/Guilds_of_Ravnica/img/Barrier of Bones.full.jpg,True,0.2,TCG Player,Barrier of Bones,0.0,0.0,0,Guilds_of_Ravnica_Foil,/spoiler_lists/Guilds_of_Ravnic_(Foil),/sets/Guilds_of_Ravnica_Foil/Barrier_of_Bones
0.0,0.0,ChannelFireball,0.05,Bartizan_BatsGuilds_of_Ravnica_FoiltrueNM-M,0,0.9,http://s.mtgprice.com/sets/Guilds_of_Ravnica/img/Bartizan Bats.full.jpg,True,0.19,ABUGames,Bartizan Bats,0.0,0.0,0,Guilds_of_Ravnica_Foil,/spoiler_lists/Guilds_of_Ravnic_(Foil),/sets/Guilds_of_Ravnica_Foil/Bartizan_Bats
0.0,0.0,ABUGames,0.23,Beacon_BoltGuilds_of_Ravnica_FoiltrueNM-M,0,0.37,http://s.mtgprice.com/sets/Guilds_of_Ravnica/img/Beacon Bolt.full.jpg,True,0.37,TCG Player,Beacon Bolt,0.0,0.0,0,Guilds_of_Ravnica_Foil,/spoiler_lists/Guilds_of_Ravnic_(Foil),/sets/Guilds_of_Ravnica_Foil/Beacon_Bolt
0.0,0.0,ABUGames,0.06,Beamsplitter_MageGuilds_of_Ravnica_FoiltrueNM-M,0,0.15,http://s.mtgprice.com/sets/Guilds_of_Ravnica/img/Beamsplitter Mage.full.jpg,True,0.15,TCG Player,Beamsplitter Mage,0.0,0.0,0,Guilds_of_Ravnica_Foil,/spoiler_lists/Guilds_of_Ravnic_(Foil),/sets/Guilds_of_Ravnica_Foil/Beamsplitter_Mage
-0.09999990463256801,0.0,TCG Player,2.01,Beast_WhispererGuilds_of_Ravnica_FoiltrueNM-M,0,2.98,http://s.mtgprice.com/sets/Guilds_of_Ravnica/img/Beast Whisperer.full.jpg,True,2.98,TCG Player,Beast Whisperer,-3.246750354766845,0.0,0,Guilds_of_Ravnica_Foil,/spoiler_lists/Guilds_of_Ravnic_(Foil),/sets/Guilds_of_Ravnica_Foil/Beast_Whisperer
-0.010000005364418,0.0,ChannelFireball,0.05,Blade_InstructorGuilds_of_Ravnica_FoiltrueNM-M,0,0.14,http://s.mtgprice.com/sets/Guilds_of_Ravnica/img/Blade Instructor.full.jpg,True,0.14,TCG Player,Blade Instructor,-6.666669845581055,0.0,0,Guilds_of_Ravnica_Foil,/spoiler_lists/Guilds_of_Ravnic_(Foil),/sets/Guilds_of_Ravnica_Foil/Blade_Instructor
0.009999990463256002,0.0,ChannelFireball,0.25,Blood_OperativeGuilds_of_Ravnica_FoiltrueNM-M,0,0.26,http://s.mtgprice.com/sets/Guilds_of_Ravnica/img/Blood Operative.full.jpg,True,0.26,TCG Player,Blood Operative,3.999996185302734,0.0,0,Guilds_of_Ravnica_Foil,/spoiler_lists/Guilds_of_Ravnic_(Foil),/sets/Guilds_of_Ravnica_Foil/Blood_Operative
0.0,0.0,ChannelFireball,0.05,Book_DevourerGuilds_of_Ravnica_FoiltrueNM-M,0,0.08,http://s.mtgprice.com/sets/Guilds_of_Ravnica/img/Book Devourer.full.jpg,True,0.08,TCG Player,Book Devourer,0.0,0.0,0,Guilds_of_Ravnica_Foil,/spoiler_lists/Guilds_of_Ravnic_(Foil),/sets/Guilds_of_Ravnica_Foil/Book_Devourer
0.0,0.0,Card Kingdom,0.08,Boros_ChallengerGuilds_of_Ravnica_FoiltrueNM-M,0,0.22,http://s.mtgprice.com/sets/Guilds_of_Ravnica/img/Boros Challenger.full.jpg,True,0.22,TCG Player,Boros Challenger,0.0,0.0,0,Guilds_of_Ravnica_Foil,/spoiler_lists/Guilds_of_Ravnic_(Foil),/sets/Guilds_of_Ravnica_Foil/Boros_Challenger
-0.039999991655349,0.0,CoolStuff,0.25,Boros_GuildgateGuilds_of_Ravnica_FoiltrueNM-M,0,0.48,http://s.mtgprice.com/sets/Guilds_of_Ravnica/img/Boros Guildgate.full.jpg,True,0.49,ChannelFireball,Boros Guildgate,-7.6923065185546875,0.0,0,Guilds_of_Ravnica_Foil,/spoiler_lists/Guilds_of_Ravnic_(Foil),/sets/Guilds_of_Ravnica_Foil/Boros_Guildgate
0.0,0.0,Card Kingdom,0.1,Boros_LocketGuilds_of_Ravnica_FoiltrueNM-M,0,1.13,http://s.mtgprice.com/sets/Guilds_of_Ravnica/img/Boros Locket.full.jpg,True,0.45,ABUGames,Boros Locket,0.0,0.0,0,Guilds_of_Ravnica_Foil,/spoiler_lists/Guilds_of_Ravnic_(Foil),/sets/Guilds_of_Ravnica_Foil/Boros_Locket
0.0,0.0,CoolStuff,0.35,Bounty_AgentGuilds_of_Ravnica_FoiltrueNM-M,0,1.16,http://s.mtgprice.com/sets/Guilds_of_Ravnica/img/Bounty Agent.full.jpg,True,0.59,TrollAndToad,Bounty Agent,0.0,0.0,0,Guilds_of_Ravnica_Foil,/spoiler_lists/Guilds_of_Ravnic_(Foil),/sets/Guilds_of_Ravnica_Foil/Bounty_Agent
0.0,0.0,ChannelFireball,0.25,Bounty_of_MightGuilds_of_Ravnica_FoiltrueNM-M,0,0.25,http://s.mtgprice.com/sets/Guilds_of_Ravnica/img/Bounty of Might.full.jpg,True,0.25,TCG Player,Bounty of Might,0.0,0.0,0,Guilds_of_Ravnica_Foil,/spoiler_lists/Guilds_of_Ravnic_(Foil),/sets/Guilds_of_Ravnica_Foil/Bounty_of_Might
0.0,0.0,ABUGames,0.32,Burglar_RatGuilds_of_Ravnica_FoiltrueNM-M,0,1.48,http://s.mtgprice.com/sets/Guilds_of_Ravnica/img/Burglar Rat.full.jpg,True,0.99,Card Kingdom,Burglar Rat,0.0,0.0,0,Guilds_of_Ravnica_Foil,/spoiler_lists/Guilds_of_Ravnic_(Foil),/sets/Guilds_of_Ravnica_Foil/Burglar_Rat
-0.020000010728836,0.0,CoolStuff,0.35,CamaraderieGuilds_of_Ravnica_FoiltrueNM-M,0,0.47000000000000003,http://s.mtgprice.com/sets/Guilds_of_Ravnica/img/Camaraderie.full.jpg,True,0.47,TCG Player,Camaraderie,-4.081634998321533,0.0,0,Guilds_of_Ravnica_Foil,/spoiler_lists/Guilds_of_Ravnic_(Foil),/sets/Guilds_of_Ravnica_Foil/Camaraderie
0.0,0.0,ABUGames,0.02,Candlelight_VigilGuilds_of_Ravnica_FoiltrueNM-M,0,0.09,http://s.mtgprice.com/sets/Guilds_of_Ravnica/img/Candlelight Vigil.full.jpg,True,0.09,TCG Player,Candlelight Vigil,0.0,0.0,0,Guilds_of_Ravnica_Foil,/spoiler_lists/Guilds_of_Ravnic_(Foil),/sets/Guilds_of_Ravnica_Foil/Candlelight_Vigil
0.0,0.0,ChannelFireball,0.05,Capture_SphereGuilds_of_Ravnica_FoiltrueNM-M,0,0.13,http://s.mtgprice.com/sets/Guilds_of_Ravnica/img/Capture Sphere.full.jpg,True,0.13,TCG Player,Capture Sphere,0.0,0.0,0,Guilds_of_Ravnica_Foil,/spoiler_lists/Guilds_of_Ravnic_(Foil),/sets/Guilds_of_Ravnica_Foil/Capture_Sphere
0.0,0.0,ChannelFireball,0.05,Centaur_PeacemakerGuilds_of_Ravnica_FoiltrueNM-M,0,0.08,http://s.mtgprice.com/sets/Guilds_of_Ravnica/img/Centaur Peacemaker.full.jpg,True,0.08,TCG Player,Centaur Peacemaker,0.0,0.0,0,Guilds_of_Ravnica_Foil,/spoiler_lists/Guilds_of_Ravnic_(Foil),/sets/Guilds_of_Ravnica_Foil/Centaur_Peacemaker
-0.019999980926513002,0.0,ABUGames,0.26,Chamber_SentryGuilds_of_Ravnica_FoiltrueNM-M,0,0.6000000000000001,http://s.mtgprice.com/sets/Guilds_of_Ravnica/img/Chamber Sentry.full.jpg,True,0.49,Card Kingdom,Chamber Sentry,-3.22580337524414,0.0,0,Guilds_of_Ravnica_Foil,/spoiler_lists/Guilds_of_Ravnic_(Foil),/sets/Guilds_of_Ravnica_Foil/Chamber_Sentry
0.15999984741210901,0.08999991416931101,StrikeZone,1.5,Chance_for_GloryGuilds_of_Ravnica_FoiltrueNM-M,0,3.08,http://s.mtgprice.com/sets/Guilds_of_Ravnica/img/Chance for Glory.full.jpg,True,1.99,Card Kingdom,Chance for Glory,5.479446887969971,3.010030746459961,0,Guilds_of_Ravnica_Foil,/spoiler_lists/Guilds_of_Ravnic_(Foil),/sets/Guilds_of_Ravnica_Foil/Chance_for_Glory
-0.740000009536743,0.0,CoolStuff,0.35,Charnel_TrollGuilds_of_Ravnica_FoiltrueNM-M,0,0.53,http://s.mtgprice.com/sets/Guilds_of_Ravnica/img/Charnel Troll.full.jpg,True,0.49,Card Kingdom,Charnel Troll,-58.26771926879883,0.0,0,Guilds_of_Ravnica_Foil,/spoiler_lists/Guilds_of_Ravnic_(Foil),/sets/Guilds_of_Ravnica_Foil/Charnel_Troll
-0.19999992847442602,0.0,ABUGames,0.74,Chemister's_InsightGuilds_of_Ravnica_FoiltrueNM-M,0,0.97,http://s.mtgprice.com/sets/Guilds_of_Ravnica/img/Chemister's Insight.full.jpg,True,0.97,TCG Player,Chemister's Insight,-17.094011306762695,0.0,0,Guilds_of_Ravnica_Foil,/spoiler_lists/Guilds_of_Ravnic_(Foil),/sets/Guilds_of_Ravnica_Foil/Chemister's_Insight
0.0,0.0,Card Kingdom,0.06,Child_of_NightGuilds_of_Ravnica_FoiltrueNM-M,0,0.17,http://s.mtgprice.com/sets/Guilds_of_Ravnica/img/Child of Night.full.jpg,True,0.17,TCG Player,Child of Night,0.0,0.0,0,Guilds_of_Ravnica_Foil,/spoiler_lists/Guilds_of_Ravnic_(Foil),/sets/Guilds_of_Ravnica_Foil/Child_of_Night
0.0,0.0,Card Kingdom,6.0,Chromatic_LanternGuilds_of_Ravnica_FoiltrueNM-M,0,8.42,http://s.mtgprice.com/sets/Guilds_of_Ravnica/img/Chromatic Lantern.full.jpg,True,8.42,TCG Player,Chromatic Lantern,0.0,0.0,0,Guilds_of_Ravnica_Foil,/spoiler_lists/Guilds_of_Ravnic_(Foil),/sets/Guilds_of_Ravnica_Foil/Chromatic_Lantern
0.949999928474426,0.0,StrikeZone,1.5,Circuitous_RouteGuilds_of_Ravnica_FoiltrueNM-M,0,2.83,http://s.mtgprice.com/sets/Guilds_of_Ravnica/img/Circuitous Route.full.jpg,True,2.83,TCG Player,Circuitous Route,50.53191375732422,0.0,0,Guilds_of_Ravnica_Foil,/spoiler_lists/Guilds_of_Ravnic_(Foil),/sets/Guilds_of_Ravnica_Foil/Circuitous_Route
0.039999991655349,0.0,ABUGames,0.12,Citywatch_SphinxGuilds_of_Ravnica_FoiltrueNM-M,0,0.13,http://s.mtgprice.com/sets/Guilds_of_Ravnica/img/Citywatch Sphinx.full.jpg,True,0.13,TCG Player,Citywatch Sphinx,44.44443130493164,0.0,0,Guilds_of_Ravnica_Foil,/spoiler_lists/Guilds_of_Ravnic_(Foil),/sets/Guilds_of_Ravnica_Foil/Citywatch_Sphinx
0.0,0.0,ChannelFireball,0.25,Citywide_BustGuilds_of_Ravnica_FoiltrueNM-M,0,0.42,http://s.mtgprice.com/sets/Guilds_of_Ravnica/img/Citywide Bust.full.jpg,True,0.42,TCG Player,Citywide Bust,0.0,0.0,0,Guilds_of_Ravnica_Foil,/spoiler_lists/Guilds_of_Ravnic_(Foil),/sets/Guilds_of_Ravnica_Foil/Citywide_Bust
-0.030000008642673003,0.0,ChannelFireball,0.05,Collar_the_CulpritGuilds_of_Ravnica_FoiltrueNM-M,0,0.12,http://s.mtgprice.com/sets/Guilds_of_Ravnica/img/Collar the Culprit.full.jpg,True,0.12,TCG Player,Collar the Culprit,-20.000003814697266,0.0,0,Guilds_of_Ravnica_Foil,/spoiler_lists/Guilds_of_Ravnic_(Foil),/sets/Guilds_of_Ravnica_Foil/Collar_the_Culprit
0.0,0.0,ChannelFireball,0.05,Command_the_StormGuilds_of_Ravnica_FoiltrueNM-M,0,0.08,http://s.mtgprice.com/sets/Guilds_of_Ravnica/img/Command the Storm.full.jpg,True,0.08,TCG Player,Command the Storm,0.0,0.0,0,Guilds_of_Ravnica_Foil,/spoiler_lists/Guilds_of_Ravnic_(Foil),/sets/Guilds_of_Ravnica_Foil/Command_the_Storm
-0.040000021457672,0.0,ABUGames,0.11,Conclave_CavalierGuilds_of_Ravnica_FoiltrueNM-M,0,0.39,http://s.mtgprice.com/sets/Guilds_of_Ravnica/img/Conclave Cavalier.full.jpg,True,0.35,Card Kingdom,Conclave Cavalier,-9.30233097076416,0.0,0,Guilds_of_Ravnica_Foil,/spoiler_lists/Guilds_of_Ravnic_(Foil),/sets/Guilds_of_Ravnica_Foil/Conclave_Cavalier
0.0,0.0,ChannelFireball,0.05,Conclave_GuildmageGuilds_of_Ravnica_FoiltrueNM-M,0,0.16,http://s.mtgprice.com/sets/Guilds_of_Ravnica/img/Conclave Guildmage.full.jpg,True,0.16,TCG Player,Conclave Guildmage,0.0,0.0,0,Guilds_of_Ravnica_Foil,/spoiler_lists/Guilds_of_Ravnic_(Foil),/sets/Guilds_of_Ravnica_Foil/Conclave_Guildmage
-0.019999980926513002,0.0,Card Kingdom,0.1,Conclave_TribunalGuilds_of_Ravnica_FoiltrueNM-M,0,0.27,http://s.mtgprice.com/sets/Guilds_of_Ravnica/img/Conclave Tribunal.full.jpg,True,0.27,TCG Player,Conclave Tribunal,-6.896544933319092,0.0,0,Guilds_of_Ravnica_Foil,/spoiler_lists/Guilds_of_Ravnic_(Foil),/sets/Guilds_of_Ravnica_Foil/Conclave_Tribunal
0.0,0.0,UNDEFINED,0.0,ConcoctGuilds_of_Ravnica_FoiltrueNM-M,0,0.0,http://s.mtgprice.com/sets/Guilds_of_Ravnica/img/Concoct.full.jpg,True,999999.0,Unknown,Concoct,,,0,Guilds_of_Ravnica_Foil,/spoiler_lists/Guilds_of_Ravnic_(Foil),/sets/Guilds_of_Ravnica_Foil/Concoct
0.0,0.0,UNDEFINED,0.0,ConniveGuilds_of_Ravnica_FoiltrueNM-M,0,0.0,http://s.mtgprice.com/sets/Guilds_of_Ravnica/img/Connive.full.jpg,True,999999.0,Unknown,Connive,,,0,Guilds_of_Ravnica_Foil,/spoiler_lists/Guilds_of_Ravnic_(Foil),/sets/Guilds_of_Ravnica_Foil/Connive
0.0,0.0,ABUGames,0.05,Cosmotronic_WaveGuilds_of_Ravnica_FoiltrueNM-M,0,0.15,http://s.mtgprice.com/sets/Guilds_of_Ravnica/img/Cosmotronic Wave.full.jpg,True,0.15,TCG Player,Cosmotronic Wave,0.0,0.0,0,Guilds_of_Ravnica_Foil,/spoiler_lists/Guilds_of_Ravnic_(Foil),/sets/Guilds_of_Ravnica_Foil/Cosmotronic_Wave
0.0,0.0,ChannelFireball,1.0,Crackling_DrakeGuilds_of_Ravnica_FoiltrueNM-M,0,2.43,http://s.mtgprice.com/sets/Guilds_of_Ravnica/img/Crackling Drake.full.jpg,True,1.49,Card Kingdom,Crackling Drake,0.0,0.0,0,Guilds_of_Ravnica_Foil,/spoiler_lists/Guilds_of_Ravnic_(Foil),/sets/Guilds_of_Ravnica_Foil/Crackling_Drake
-0.8000001907348631,0.0,ABUGames,2.2,Creeping_ChillGuilds_of_Ravnica_FoiltrueNM-M,0,4.18,http://s.mtgprice.com/sets/Guilds_of_Ravnica/img/Creeping Chill.full.jpg,True,3.99,CoolStuff,Creeping Chill,-16.064260482788086,0.0,0,Guilds_of_Ravnica_Foil,/spoiler_lists/Guilds_of_Ravnic_(Foil),/sets/Guilds_of_Ravnica_Foil/Creeping_Chill
-0.080000042915344,0.129999995231628,Card Kingdom,0.45,Crush_ContrabandGuilds_of_Ravnica_FoiltrueNM-M,0,1.28,http://s.mtgprice.com/sets/Guilds_of_Ravnica/img/Crush Contraband.full.jpg,True,1.28,TCG Player,Crush Contraband,-5.8823561668396,11.30434799194336,0,Guilds_of_Ravnica_Foil,/spoiler_lists/Guilds_of_Ravnic_(Foil),/sets/Guilds_of_Ravnica_Foil/Crush_Contraband
0.0,0.0,ABUGames,0.06,Crushing_CanopyGuilds_of_Ravnica_FoiltrueNM-M,0,0.11,http://s.mtgprice.com/sets/Guilds_of_Ravnica/img/Crushing Canopy.full.jpg,True,0.11,TCG Player,Crushing Canopy,0.0,0.0,0,Guilds_of_Ravnica_Foil,/spoiler_lists/Guilds_of_Ravnic_(Foil),/sets/Guilds_of_Ravnica_Foil/Crushing_Canopy
0.0,0.0,ChannelFireball,0.05,Darkblade_AgentGuilds_of_Ravnica_FoiltrueNM-M,0,0.1,http://s.mtgprice.com/sets/Guilds_of_Ravnica/img/Darkblade Agent.full.jpg,True,0.1,TCG Player,Darkblade Agent,0.0,0.0,0,Guilds_of_Ravnica_Foil,/spoiler_lists/Guilds_of_Ravnic_(Foil),/sets/Guilds_of_Ravnica_Foil/Darkblade_Agent
0.130000114440917,-0.5899996757507321,Card Kingdom,2.03,Dawn_of_HopeGuilds_of_Ravnica_FoiltrueNM-M,0,4.11,http://s.mtgprice.com/sets/Guilds_of_Ravnica/img/Dawn of Hope.full.jpg,True,3.99,StrikeZone,Dawn of Hope,3.2663345336914062,-12.55318546295166,0,Guilds_of_Ravnica_Foil,/spoiler_lists/Guilds_of_Ravnic_(Foil),/sets/Guilds_of_Ravnica_Foil/Dawn_of_Hope
0.0,0.0,ABUGames,0.02,Dazzling_LightsGuilds_of_Ravnica_FoiltrueNM-M,0,0.16,http://s.mtgprice.com/sets/Guilds_of_Ravnica/img/Dazzling Lights.full.jpg,True,0.16,TCG Player,Dazzling Lights,0.0,0.0,0,Guilds_of_Ravnica_Foil,/spoiler_lists/Guilds_of_Ravnic_(Foil),/sets/Guilds_of_Ravnica_Foil/Dazzling_Lights
0.0,0.0,Card Kingdom,0.16,Dead_WeightGuilds_of_Ravnica_FoiltrueNM-M,0,0.14,http://s.mtgprice.com/sets/Guilds_of_Ravnica/img/Dead Weight.full.jpg,True,0.14,TCG Player,Dead Weight,0.0,0.0,0,Guilds_of_Ravnica_Foil,/spoiler_lists/Guilds_of_Ravnic_(Foil),/sets/Guilds_of_Ravnica_Foil/Dead_Weight
0.0,0.0,ABUGames,0.02,Deadly_VisitGuilds_of_Ravnica_FoiltrueNM-M,0,0.07,http://s.mtgprice.com/sets/Guilds_of_Ravnica/img/Deadly Visit.full.jpg,True,0.07,TCG Player,Deadly Visit,0.0,0.0,0,Guilds_of_Ravnica_Foil,/spoiler_lists/Guilds_of_Ravnic_(Foil),/sets/Guilds_of_Ravnica_Foil/Deadly_Visit
0.42000007629394503,0.0,StrikeZone,1.0,Deafening_ClarionGuilds_of_Ravnica_FoiltrueNM-M,0,2.22,http://s.mtgprice.com/sets/Guilds_of_Ravnica/img/Deafening Clarion.full.jpg,True,1.99,Card Kingdom,Deafening Clarion,23.333337783813477,0.0,0,Guilds_of_Ravnica_Foil,/spoiler_lists/Guilds_of_Ravnic_(Foil),/sets/Guilds_of_Ravnica_Foil/Deafening_Clarion
0.0,0.0,ChannelFireball,0.05,DemotionGuilds_of_Ravnica_FoiltrueNM-M,0,0.11,http://s.mtgprice.com/sets/Guilds_of_Ravnica/img/Demotion.full.jpg,True,0.11,TCG Player,Demotion,0.0,0.0,0,Guilds_of_Ravnica_Foil,/spoiler_lists/Guilds_of_Ravnic_(Foil),/sets/Guilds_of_Ravnica_Foil/Demotion
-0.050000011920928004,0.049999997019767005,ABUGames,0.05,Devious_Cover-UpGuilds_of_Ravnica_FoiltrueNM-M,0,0.25,http://s.mtgprice.com/sets/Guilds_of_Ravnica/img/Devious Cover-Up.full.jpg,True,0.25,Card Kingdom,Devious Cover-Up,-16.666669845581055,24.999998092651367,0,Guilds_of_Ravnica_Foil,/spoiler_lists/Guilds_of_Ravnic_(Foil),/sets/Guilds_of_Ravnica_Foil/Devious_Cover-Up
0.009999990463256002,-0.009999990463256002,ABUGames,0.03,Devkarin_DissidentGuilds_of_Ravnica_FoiltrueNM-M,0,0.86,http://s.mtgprice.com/sets/Guilds_of_Ravnica/img/Devkarin Dissident.full.jpg,True,0.19,ABUGames,Devkarin Dissident,1.176469445228576,-1.149424195289611,0,Guilds_of_Ravnica_Foil,/spoiler_lists/Guilds_of_Ravnic_(Foil),/sets/Guilds_of_Ravnica_Foil/Devkarin_Dissident
0.009999990463256002,0.0,Card Kingdom,0.75,Dimir_GuildgateGuilds_of_Ravnica_FoiltrueNM-M,0,0.5,http://s.mtgprice.com/sets/Guilds_of_Ravnica/img/Dimir Guildgate.full.jpg,True,0.49,ChannelFireball,Dimir Guildgate,2.040814399719238,0.0,0,Guilds_of_Ravnica_Foil,/spoiler_lists/Guilds_of_Ravnic_(Foil),/sets/Guilds_of_Ravnica_Foil/Dimir_Guildgate
-0.010000005364418,0.0,ABUGames,0.05,Dimir_InformantGuilds_of_Ravnica_FoiltrueNM-M,0,0.14,http://s.mtgprice.com/sets/Guilds_of_Ravnica/img/Dimir Informant.full.jpg,True,0.14,TCG Player,Dimir Informant,-6.666669845581055,0.0,0,Guilds_of_Ravnica_Foil,/spoiler_lists/Guilds_of_Ravnic_(Foil),/sets/Guilds_of_Ravnica_Foil/Dimir_Informant
0.09999999403953501,0.0,Card Kingdom,0.16,Dimir_LocketGuilds_of_Ravnica_FoiltrueNM-M,0,0.39,http://s.mtgprice.com/sets/Guilds_of_Ravnica/img/Dimir Locket.full.jpg,True,0.39,TCG Player,Dimir Locket,34.482757568359375,0.0,0,Guilds_of_Ravnica_Foil,/spoiler_lists/Guilds_of_Ravnic_(Foil),/sets/Guilds_of_Ravnica_Foil/Dimir_Locket
-0.030000001192092004,0.0,Card Kingdom,0.08,Dimir_SpybugGuilds_of_Ravnica_FoiltrueNM-M,0,0.38,http://s.mtgprice.com/sets/Guilds_of_Ravnica/img/Dimir Spybug.full.jpg,True,0.35,Card Kingdom,Dimir Spybug,-7.317073822021484,0.0,0,Guilds_of_Ravnica_Foil,/spoiler_lists/Guilds_of_Ravnic_(Foil),/sets/Guilds_of_Ravnica_Foil/Dimir_Spybug
0.0,0.0,ChannelFireball,0.05,Direct_CurrentGuilds_of_Ravnica_FoiltrueNM-M,0,0.07,http://s.mtgprice.com/sets/Guilds_of_Ravnica/img/Direct Current.full.jpg,True,0.07,TCG Player,Direct Current,0.0,0.0,0,Guilds_of_Ravnica_Foil,/spoiler_lists/Guilds_of_Ravnic_(Foil),/sets/Guilds_of_Ravnica_Foil/Direct_Current
0.0,0.0,UNDEFINED,0.0,DiscoveryGuilds_of_Ravnica_FoiltrueNM-M,0,0.0,http://s.mtgprice.com/sets/Guilds_of_Ravnica/img/Discovery.full.jpg,True,999999.0,Unknown,Discovery,,,0,Guilds_of_Ravnica_Foil,/spoiler_lists/Guilds_of_Ravnic_(Foil),/sets/Guilds_of_Ravnica_Foil/Discovery
0.0,0.0,ABUGames,0.45,Disdainful_StrokeGuilds_of_Ravnica_FoiltrueNM-M,0,1.73,http://s.mtgprice.com/sets/Guilds_of_Ravnica/img/Disdainful Stroke.full.jpg,True,0.99,ChannelFireball,Disdainful Stroke,0.0,0.0,0,Guilds_of_Ravnica_Foil,/spoiler_lists/Guilds_of_Ravnic_(Foil),/sets/Guilds_of_Ravnica_Foil/Disdainful_Stroke
-0.12000000476837101,0.0,ABUGames,0.18,Disinformation_CampaignGuilds_of_Ravnica_FoiltrueNM-M,0,0.53,http://s.mtgprice.com/sets/Guilds_of_Ravnica/img/Disinformation Campaign.full.jpg,True,0.49,Card Kingdom,Disinformation Campaign,-18.46154022216797,0.0,0,Guilds_of_Ravnica_Foil,/spoiler_lists/Guilds_of_Ravnic_(Foil),/sets/Guilds_of_Ravnica_Foil/Disinformation_Campaign
0.0,0.0,UNDEFINED,0.0,DispersalGuilds_of_Ravnica_FoiltrueNM-M,0,0.0,http://s.mtgprice.com/sets/Guilds_of_Ravnica/img/Dispersal.full.jpg,True,999999.0,Unknown,Dispersal,,,0,Guilds_of_Ravnica_Foil,/spoiler_lists/Guilds_of_Ravnic_(Foil),/sets/Guilds_of_Ravnica_Foil/Dispersal
0.0,0.0,ABUGames,0.19,District_GuideGuilds_of_Ravnica_FoiltrueNM-M,0,1.17,http://s.mtgprice.com/sets/Guilds_of_Ravnica/img/District Guide.full.jpg,True,0.35,Card Kingdom,District Guide,0.0,0.0,0,Guilds_of_Ravnica_Foil,/spoiler_lists/Guilds_of_Ravnic_(Foil),/sets/Guilds_of_Ravnica_Foil/District_Guide
-1.4799995422363281,0.0,Card Kingdom,8.0,Divine_VisitationGuilds_of_Ravnica_FoiltrueNM-M,0,12.5,http://s.mtgprice.com/sets/Guilds_of_Ravnica/img/Divine Visitation.full.jpg,True,12.5,TCG Player,Divine Visitation,-10.586549758911133,0.0,0,Guilds_of_Ravnica_Foil,/spoiler_lists/Guilds_of_Ravnic_(Foil),/sets/Guilds_of_Ravnica_Foil/Divine_Visitation
-0.07000017166137601,0.0,StrikeZone,5.0,Doom_WhispererGuilds_of_Ravnica_FoiltrueNM-M,0,6.48,http://s.mtgprice.com/sets/Guilds_of_Ravnica/img/Doom Whisperer.full.jpg,True,6.48,TCG Player,Doom Whisperer,-1.068704843521118,0.0,0,Guilds_of_Ravnica_Foil,/spoiler_lists/Guilds_of_Ravnic_(Foil),/sets/Guilds_of_Ravnica_Foil/Doom_Whisperer
0.0,0.0,ChannelFireball,0.05,Douser_of_LightsGuilds_of_Ravnica_FoiltrueNM-M,0,0.06,http://s.mtgprice.com/sets/Guilds_of_Ravnica/img/Douser of Lights.full.jpg,True,0.06,TCG Player,Douser of Lights,0.0,0.0,0,Guilds_of_Ravnica_Foil,/spoiler_lists/Guilds_of_Ravnic_(Foil),/sets/Guilds_of_Ravnica_Foil/Douser_of_Lights
-0.009999990463256002,0.0,CoolStuff,1.0,Dream_EaterGuilds_of_Ravnica_FoiltrueNM-M,0,2.92,http://s.mtgprice.com/sets/Guilds_of_Ravnica/img/Dream Eater.full.jpg,True,2.48,ChannelFireball,Dream Eater,-0.34129658341407704,0.0,0,Guilds_of_Ravnica_Foil,/spoiler_lists/Guilds_of_Ravnic_(Foil),/sets/Guilds_of_Ravnica_Foil/Dream_Eater
-0.02999997138977,0.0,CoolStuff,2.0,Drowned_SecretsGuilds_of_Ravnica_FoiltrueNM-M,0,2.0,http://s.mtgprice.com/sets/Guilds_of_Ravnica/img/Drowned Secrets.full.jpg,True,2.0,TCG Player,Drowned Secrets,-1.477831125259399,0.0,0,Guilds_of_Ravnica_Foil,/spoiler_lists/Guilds_of_Ravnic_(Foil),/sets/Guilds_of_Ravnica_Foil/Drowned_Secrets
1.080000162124633,-0.139999866485595,StrikeZone,1.0,Electrostatic_FieldGuilds_of_Ravnica_FoiltrueNM-M,0,2.38,http://s.mtgprice.com/sets/Guilds_of_Ravnica/img/Electrostatic Field.full.jpg,True,2.25,ABUGames,Electrostatic Field,83.07693481445312,-5.555550575256348,0,Guilds_of_Ravnica_Foil,/spoiler_lists/Guilds_of_Ravnic_(Foil),/sets/Guilds_of_Ravnica_Foil/Electrostatic_Field
-0.039999961853027004,0.0,ABUGames,0.26,"Emmara,_Soul_of_the_AccordGuilds_of_Ravnica_FoiltrueNM-M",0,0.74,"http://s.mtgprice.com/sets/Guilds_of_Ravnica/img/Emmara, Soul of the Accord.full.jpg",True,0.74,TCG Player,"Emmara, Soul of the Accord",-5.128200531005859,0.0,0,Guilds_of_Ravnica_Foil,/spoiler_lists/Guilds_of_Ravnic_(Foil),"/sets/Guilds_of_Ravnica_Foil/Emmara,_Soul_of_the_Accord"
0.0,0.0,ABUGames,0.09,Enhanced_SurveillanceGuilds_of_Ravnica_FoiltrueNM-M,0,0.24,http://s.mtgprice.com/sets/Guilds_of_Ravnica/img/Enhanced Surveillance.full.jpg,True,0.24,TCG Player,Enhanced Surveillance,0.0,0.0,0,Guilds_of_Ravnica_Foil,/spoiler_lists/Guilds_of_Ravnic_(Foil),/sets/Guilds_of_Ravnica_Foil/Enhanced_Surveillance
0.0,0.0,ChannelFireball,0.25,Erratic_CyclopsGuilds_of_Ravnica_FoiltrueNM-M,0,0.89,http://s.mtgprice.com/sets/Guilds_of_Ravnica/img/Erratic Cyclops.full.jpg,True,0.49,Card Kingdom,Erratic Cyclops,0.0,0.0,0,Guilds_of_Ravnica_Foil,/spoiler_lists/Guilds_of_Ravnic_(Foil),/sets/Guilds_of_Ravnica_Foil/Erratic_Cyclops
0.0,0.0,ChannelFireball,0.05,Erstwhile_TrooperGuilds_of_Ravnica_FoiltrueNM-M,0,0.12,http://s.mtgprice.com/sets/Guilds_of_Ravnica/img/Erstwhile Trooper.full.jpg,True,0.12,TCG Player,Erstwhile Trooper,0.0,0.0,0,Guilds_of_Ravnica_Foil,/spoiler_lists/Guilds_of_Ravnic_(Foil),/sets/Guilds_of_Ravnica_Foil/Erstwhile_Trooper
-0.069999933242797,0.0,CoolStuff,0.75,"Etrata,_the_SilencerGuilds_of_Ravnica_FoiltrueNM-M",0,1.2,"http://s.mtgprice.com/sets/Guilds_of_Ravnica/img/Etrata, the Silencer.full.jpg",True,1.2,TCG Player,"Etrata, the Silencer",-5.511806011199951,0.0,0,Guilds_of_Ravnica_Foil,/spoiler_lists/Guilds_of_Ravnic_(Foil),"/sets/Guilds_of_Ravnica_Foil/Etrata,_the_Silencer"
0.0,0.0,UNDEFINED,0.0,ExpansionGuilds_of_Ravnica_FoiltrueNM-M,0,0.0,http://s.mtgprice.com/sets/Guilds_of_Ravnica/img/Expansion.full.jpg,True,999999.0,Unknown,Expansion,,,0,Guilds_of_Ravnica_Foil,/spoiler_lists/Guilds_of_Ravnic_(Foil),/sets/Guilds_of_Ravnica_Foil/Expansion
-0.21000003814697202,0.0,TCG Player,2.09,Experimental_FrenzyGuilds_of_Ravnica_FoiltrueNM-M,0,3.7199999999999998,http://s.mtgprice.com/sets/Guilds_of_Ravnica/img/Experimental Frenzy.full.jpg,True,3.72,TCG Player,Experimental Frenzy,-5.343512535095215,0.0,0,Guilds_of_Ravnica_Foil,/spoiler_lists/Guilds_of_Ravnic_(Foil),/sets/Guilds_of_Ravnica_Foil/Experimental_Frenzy
0.0,0.0,UNDEFINED,0.0,ExplosionGuilds_of_Ravnica_FoiltrueNM-M,0,0.0,http://s.mtgprice.com/sets/Guilds_of_Ravnica/img/Explosion.full.jpg,True,999999.0,Unknown,Explosion,,,0,Guilds_of_Ravnica_Foil,/spoiler_lists/Guilds_of_Ravnic_(Foil),/sets/Guilds_of_Ravnica_Foil/Explosion
0.0,0.0,ChannelFireball,0.05,Fearless_HalberdierGuilds_of_Ravnica_FoiltrueNM-M,0,0.8300000000000001,http://s.mtgprice.com/sets/Guilds_of_Ravnica/img/Fearless Halberdier.full.jpg,True,0.19,ABUGames,Fearless Halberdier,0.0,0.0,0,Guilds_of_Ravnica_Foil,/spoiler_lists/Guilds_of_Ravnic_(Foil),/sets/Guilds_of_Ravnica_Foil/Fearless_Halberdier
0.0,0.0,UNDEFINED,0.0,FinalityGuilds_of_Ravnica_FoiltrueNM-M,0,0.0,http://s.mtgprice.com/sets/Guilds_of_Ravnica/img/Finality.full.jpg,True,999999.0,Unknown,Finality,,,0,Guilds_of_Ravnica_Foil,/spoiler_lists/Guilds_of_Ravnic_(Foil),/sets/Guilds_of_Ravnica_Foil/Finality
0.0,0.0,UNDEFINED,0.0,FindGuilds_of_Ravnica_FoiltrueNM-M,0,0.0,http://s.mtgprice.com/sets/Guilds_of_Ravnica/img/Find.full.jpg,True,999999.0,Unknown,Find,,,0,Guilds_of_Ravnica_Foil,/spoiler_lists/Guilds_of_Ravnic_(Foil),/sets/Guilds_of_Ravnica_Foil/Find
0.0,0.0,ChannelFireball,0.05,Fire_UrchinGuilds_of_Ravnica_FoiltrueNM-M,0,0.14,http://s.mtgprice.com/sets/Guilds_of_Ravnica/img/Fire Urchin.full.jpg,True,0.14,TCG Player,Fire Urchin,0.0,0.0,0,Guilds_of_Ravnica_Foil,/spoiler_lists/Guilds_of_Ravnic_(Foil),/sets/Guilds_of_Ravnica_Foil/Fire_Urchin
0.0,0.0,ChannelFireball,0.25,Firemind's_ResearchGuilds_of_Ravnica_FoiltrueNM-M,0,0.34,http://s.mtgprice.com/sets/Guilds_of_Ravnica/img/Firemind's Research.full.jpg,True,0.34,TCG Player,Firemind's Research,0.0,0.0,0,Guilds_of_Ravnica_Foil,/spoiler_lists/Guilds_of_Ravnic_(Foil),/sets/Guilds_of_Ravnica_Foil/Firemind's_Research
-0.009999997913837001,0.0,ChannelFireball,0.05,Flight_of_EquenautsGuilds_of_Ravnica_FoiltrueNM-M,0,0.09,http://s.mtgprice.com/sets/Guilds_of_Ravnica/img/Flight of Equenauts.full.jpg,True,0.09,TCG Player,Flight of Equenauts,-9.999998092651367,0.0,0,Guilds_of_Ravnica_Foil,/spoiler_lists/Guilds_of_Ravnic_(Foil),/sets/Guilds_of_Ravnica_Foil/Flight_of_Equenauts
0.0,0.0,UNDEFINED,0.0,FlourishGuilds_of_Ravnica_FoiltrueNM-M,0,0.0,http://s.mtgprice.com/sets/Guilds_of_Ravnica/img/Flourish.full.jpg,True,999999.0,Unknown,Flourish,,,0,Guilds_of_Ravnica_Foil,/spoiler_lists/Guilds_of_Ravnic_(Foil),/sets/Guilds_of_Ravnica_Foil/Flourish
0.0,0.0,UNDEFINED,0.0,FlowerGuilds_of_Ravnica_FoiltrueNM-M,0,0.0,http://s.mtgprice.com/sets/Guilds_of_Ravnica/img/Flower.full.jpg,True,999999.0,Unknown,Flower,,,0,Guilds_of_Ravnica_Foil,/spoiler_lists/Guilds_of_Ravnic_(Foil),/sets/Guilds_of_Ravnica_Foil/Flower
0.0,0.0,ChannelFireball,0.05,ForestGuilds_of_Ravnica_FoiltrueNM-M,0,0.49,http://s.mtgprice.com/sets/Guilds_of_Ravnica/img/Forest.full.jpg,True,0.49,CoolStuff,Forest,0.0,0.0,0,Guilds_of_Ravnica_Foil,/spoiler_lists/Guilds_of_Ravnic_(Foil),/sets/Guilds_of_Ravnica_Foil/Forest
0.0,0.0,ABUGames,0.02,Fresh-Faced_RecruitGuilds_of_Ravnica_FoiltrueNM-M,0,0.15,http://s.mtgprice.com/sets/Guilds_of_Ravnica/img/Fresh-Faced Recruit.full.jpg,True,0.15,TCG Player,Fresh-Faced Recruit,0.0,0.0,0,Guilds_of_Ravnica_Foil,/spoiler_lists/Guilds_of_Ravnic_(Foil),/sets/Guilds_of_Ravnica_Foil/Fresh-Faced_Recruit
0.0,0.0,ABUGames,0.02,Garrison_SergeantGuilds_of_Ravnica_FoiltrueNM-M,0,0.1,http://s.mtgprice.com/sets/Guilds_of_Ravnica/img/Garrison Sergeant.full.jpg,True,0.1,TCG Player,Garrison Sergeant,0.0,0.0,0,Guilds_of_Ravnica_Foil,/spoiler_lists/Guilds_of_Ravnic_(Foil),/sets/Guilds_of_Ravnica_Foil/Garrison_Sergeant
0.0,0.0,ChannelFireball,0.05,Gatekeeper_GargoyleGuilds_of_Ravnica_FoiltrueNM-M,0,0.2,http://s.mtgprice.com/sets/Guilds_of_Ravnica/img/Gatekeeper Gargoyle.full.jpg,True,0.2,TCG Player,Gatekeeper Gargoyle,0.0,0.0,0,Guilds_of_Ravnica_Foil,/spoiler_lists/Guilds_of_Ravnic_(Foil),/sets/Guilds_of_Ravnica_Foil/Gatekeeper_Gargoyle
0.0,0.0,ABUGames,0.17,Gateway_PlazaGuilds_of_Ravnica_FoiltrueNM-M,0,0.5,http://s.mtgprice.com/sets/Guilds_of_Ravnica/img/Gateway Plaza.full.jpg,True,0.29,Card Kingdom,Gateway Plaza,0.0,0.0,0,Guilds_of_Ravnica_Foil,/spoiler_lists/Guilds_of_Ravnic_(Foil),/sets/Guilds_of_Ravnica_Foil/Gateway_Plaza
0.0,0.0,ABUGames,0.16,Generous_StrayGuilds_of_Ravnica_FoiltrueNM-M,0,0.25,http://s.mtgprice.com/sets/Guilds_of_Ravnica/img/Generous Stray.full.jpg,True,0.25,TCG Player,Generous Stray,0.0,0.0,0,Guilds_of_Ravnica_Foil,/spoiler_lists/Guilds_of_Ravnic_(Foil),/sets/Guilds_of_Ravnica_Foil/Generous_Stray
0.019999980926513002,0.23000001907348602,ABUGames,0.21,Gird_for_BattleGuilds_of_Ravnica_FoiltrueNM-M,0,1.26,http://s.mtgprice.com/sets/Guilds_of_Ravnica/img/Gird for Battle.full.jpg,True,0.79,Card Kingdom,Gird for Battle,1.61290168762207,22.33009910583496,0,Guilds_of_Ravnica_Foil,/spoiler_lists/Guilds_of_Ravnic_(Foil),/sets/Guilds_of_Ravnica_Foil/Gird_for_Battle
-0.009999990463256002,0.0,ABUGames,0.14,Glaive_of_the_GuildpactGuilds_of_Ravnica_FoiltrueNM-M,0,0.9400000000000001,http://s.mtgprice.com/sets/Guilds_of_Ravnica/img/Glaive of the Guildpact.full.jpg,True,0.29,Card Kingdom,Glaive of the Guildpact,-1.052630543708801,0.0,0,Guilds_of_Ravnica_Foil,/spoiler_lists/Guilds_of_Ravnic_(Foil),/sets/Guilds_of_Ravnica_Foil/Glaive_of_the_Guildpact
-0.069999992847442,0.0,ABUGames,0.23,Glowspore_ShamanGuilds_of_Ravnica_FoiltrueNM-M,0,0.52,http://s.mtgprice.com/sets/Guilds_of_Ravnica/img/Glowspore Shaman.full.jpg,True,0.49,Card Kingdom,Glowspore Shaman,-11.864405632019043,0.0,0,Guilds_of_Ravnica_Foil,/spoiler_lists/Guilds_of_Ravnic_(Foil),/sets/Guilds_of_Ravnica_Foil/Glowspore_Shaman
0.0,0.0,ABUGames,0.17,Goblin_BanneretGuilds_of_Ravnica_FoiltrueNM-M,0,0.32,http://s.mtgprice.com/sets/Guilds_of_Ravnica/img/Goblin Banneret.full.jpg,True,0.32,TCG Player,Goblin Banneret,0.0,0.0,0,Guilds_of_Ravnica_Foil,/spoiler_lists/Guilds_of_Ravnic_(Foil),/sets/Guilds_of_Ravnica_Foil/Goblin_Banneret
0.229999780654907,0.0,StrikeZone,1.5,Goblin_CratermakerGuilds_of_Ravnica_FoiltrueNM-M,0,3.11,http://s.mtgprice.com/sets/Guilds_of_Ravnica/img/Goblin Cratermaker.full.jpg,True,2.49,Card Kingdom,Goblin Cratermaker,7.986103057861328,0.0,0,Guilds_of_Ravnica_Foil,/spoiler_lists/Guilds_of_Ravnic_(Foil),/sets/Guilds_of_Ravnica_Foil/Goblin_Cratermaker
-0.02999997138977,0.0,ABUGames,0.38,Goblin_ElectromancerGuilds_of_Ravnica_FoiltrueNM-M,0,0.66,http://s.mtgprice.com/sets/Guilds_of_Ravnica/img/Goblin Electromancer.full.jpg,True,0.66,TCG Player,Goblin Electromancer,-4.347822189331055,0.0,0,Guilds_of_Ravnica_Foil,/spoiler_lists/Guilds_of_Ravnic_(Foil),/sets/Guilds_of_Ravnica_Foil/Goblin_Electromancer
0.0,0.0,ChannelFireball,0.05,Goblin_LocksmithGuilds_of_Ravnica_FoiltrueNM-M,0,0.1,http://s.mtgprice.com/sets/Guilds_of_Ravnica/img/Goblin Locksmith.full.jpg,True,0.1,TCG Player,Goblin Locksmith,0.0,0.0,0,Guilds_of_Ravnica_Foil,/spoiler_lists/Guilds_of_Ravnic_(Foil),/sets/Guilds_of_Ravnica_Foil/Goblin_Locksmith
0.070000052452087,0.0,Card Kingdom,0.2,Golgari_FindbrokerGuilds_of_Ravnica_FoiltrueNM-M,0,0.72,http://s.mtgprice.com/sets/Guilds_of_Ravnica/img/Golgari Findbroker.full.jpg,True,0.72,TCG Player,Golgari Findbroker,10.76923942565918,0.0,0,Guilds_of_Ravnica_Foil,/spoiler_lists/Guilds_of_Ravnic_(Foil),/sets/Guilds_of_Ravnica_Foil/Golgari_Findbroker
-0.12000000476837101,0.0,Card Kingdom,0.16,Golgari_GuildgateGuilds_of_Ravnica_FoiltrueNM-M,0,0.53,http://s.mtgprice.com/sets/Guilds_of_Ravnica/img/Golgari Guildgate.full.jpg,True,0.49,ChannelFireball,Golgari Guildgate,-18.46154022216797,0.0,0,Guilds_of_Ravnica_Foil,/spoiler_lists/Guilds_of_Ravnic_(Foil),/sets/Guilds_of_Ravnica_Foil/Golgari_Guildgate
-0.050000011920928004,0.0,Card Kingdom,0.06,Golgari_LocketGuilds_of_Ravnica_FoiltrueNM-M,0,0.28,http://s.mtgprice.com/sets/Guilds_of_Ravnica/img/Golgari Locket.full.jpg,True,0.25,Card Kingdom,Golgari Locket,-15.151518821716309,0.0,0,Guilds_of_Ravnica_Foil,/spoiler_lists/Guilds_of_Ravnic_(Foil),/sets/Guilds_of_Ravnica_Foil/Golgari_Locket
0.0,0.0,ABUGames,0.06,Golgari_RaidersGuilds_of_Ravnica_FoiltrueNM-M,0,0.15,http://s.mtgprice.com/sets/Guilds_of_Ravnica/img/Golgari Raiders.full.jpg,True,0.15,TCG Player,Golgari Raiders,0.0,0.0,0,Guilds_of_Ravnica_Foil,/spoiler_lists/Guilds_of_Ravnic_(Foil),/sets/Guilds_of_Ravnica_Foil/Golgari_Raiders
0.0,0.0,ChannelFireball,0.05,Grappling_SundewGuilds_of_Ravnica_FoiltrueNM-M,0,0.22,http://s.mtgprice.com/sets/Guilds_of_Ravnica/img/Grappling Sundew.full.jpg,True,0.22,TCG Player,Grappling Sundew,0.0,0.0,0,Guilds_of_Ravnica_Foil,/spoiler_lists/Guilds_of_Ravnic_(Foil),/sets/Guilds_of_Ravnica_Foil/Grappling_Sundew
0.0,0.0,Card Kingdom,0.06,Gravitic_PunchGuilds_of_Ravnica_FoiltrueNM-M,0,0.15,http://s.mtgprice.com/sets/Guilds_of_Ravnica/img/Gravitic Punch.full.jpg,True,0.15,TCG Player,Gravitic Punch,0.0,0.0,0,Guilds_of_Ravnica_Foil,/spoiler_lists/Guilds_of_Ravnic_(Foil),/sets/Guilds_of_Ravnica_Foil/Gravitic_Punch
0.0,0.0,CoolStuff,0.5,Gruesome_MenagerieGuilds_of_Ravnica_FoiltrueNM-M,0,0.4,http://s.mtgprice.com/sets/Guilds_of_Ravnica/img/Gruesome Menagerie.full.jpg,True,0.4,TCG Player,Gruesome Menagerie,0.0,0.0,0,Guilds_of_Ravnica_Foil,/spoiler_lists/Guilds_of_Ravnic_(Foil),/sets/Guilds_of_Ravnica_Foil/Gruesome_Menagerie
0.010000109672546002,0.0,TCG Player,0.51,Guild_SummitGuilds_of_Ravnica_FoiltrueNM-M,0,1.57,http://s.mtgprice.com/sets/Guilds_of_Ravnica/img/Guild Summit.full.jpg,True,1.49,CoolStuff,Guild Summit,0.641032695770263,0.0,0,Guilds_of_Ravnica_Foil,/spoiler_lists/Guilds_of_Ravnic_(Foil),/sets/Guilds_of_Ravnica_Foil/Guild_Summit
-0.019999980926513002,0.0,ChannelFireball,0.25,Guildmages'_ForumGuilds_of_Ravnica_FoiltrueNM-M,0,0.68,http://s.mtgprice.com/sets/Guilds_of_Ravnica/img/Guildmages' Forum.full.jpg,True,0.68,TCG Player,Guildmages' Forum,-2.857140302658081,0.0,0,Guilds_of_Ravnica_Foil,/spoiler_lists/Guilds_of_Ravnic_(Foil),/sets/Guilds_of_Ravnica_Foil/Guildmages'_Forum
-0.039999991655349,-0.019999980926513002,ABUGames,0.21,Haazda_MarshalGuilds_of_Ravnica_FoiltrueNM-M,0,0.33,http://s.mtgprice.com/sets/Guilds_of_Ravnica/img/Haazda Marshal.full.jpg,True,0.33,TCG Player,Haazda Marshal,-10.810808181762695,-5.714280605316162,0,Guilds_of_Ravnica_Foil,/spoiler_lists/Guilds_of_Ravnic_(Foil),/sets/Guilds_of_Ravnica_Foil/Haazda_Marshal
0.0,0.0,ABUGames,0.03,Hammer_DropperGuilds_of_Ravnica_FoiltrueNM-M,0,0.1,http://s.mtgprice.com/sets/Guilds_of_Ravnica/img/Hammer Dropper.full.jpg,True,0.1,TCG Player,Hammer Dropper,0.0,0.0,0,Guilds_of_Ravnica_Foil,/spoiler_lists/Guilds_of_Ravnic_(Foil),/sets/Guilds_of_Ravnica_Foil/Hammer_Dropper
0.06000000238418501,0.0,ChannelFireball,0.25,Hatchery_SpiderGuilds_of_Ravnica_FoiltrueNM-M,0,0.31,http://s.mtgprice.com/sets/Guilds_of_Ravnica/img/Hatchery Spider.full.jpg,True,0.31,TCG Player,Hatchery Spider,24.0,0.0,0,Guilds_of_Ravnica_Foil,/spoiler_lists/Guilds_of_Ravnic_(Foil),/sets/Guilds_of_Ravnica_Foil/Hatchery_Spider
-0.47000002861022905,0.0,ABUGames,0.99,Healer's_HawkGuilds_of_Ravnica_FoiltrueNM-M,0,2.5300000000000002,http://s.mtgprice.com/sets/Guilds_of_Ravnica/img/Healer's Hawk.full.jpg,True,0.89,TrollAndToad,Healer's Hawk,-15.666667938232422,0.0,0,Guilds_of_Ravnica_Foil,/spoiler_lists/Guilds_of_Ravnic_(Foil),/sets/Guilds_of_Ravnica_Foil/Healer's_Hawk
0.0,0.0,ChannelFireball,0.05,Hellkite_WhelpGuilds_of_Ravnica_FoiltrueNM-M,0,0.1,http://s.mtgprice.com/sets/Guilds_of_Ravnica/img/Hellkite Whelp.full.jpg,True,0.1,TCG Player,Hellkite Whelp,0.0,0.0,0,Guilds_of_Ravnica_Foil,/spoiler_lists/Guilds_of_Ravnic_(Foil),/sets/Guilds_of_Ravnica_Foil/Hellkite_Whelp
0.0,0.0,Card Kingdom,0.06,Hired_PoisonerGuilds_of_Ravnica_FoiltrueNM-M,0,0.18,http://s.mtgprice.com/sets/Guilds_of_Ravnica/img/Hired Poisoner.full.jpg,True,0.18,TCG Player,Hired Poisoner,0.0,0.0,0,Guilds_of_Ravnica_Foil,/spoiler_lists/Guilds_of_Ravnic_(Foil),/sets/Guilds_of_Ravnica_Foil/Hired_Poisoner
0.0,0.0,ABUGames,0.02,Hitchclaw_RecluseGuilds_of_Ravnica_FoiltrueNM-M,0,0.06,http://s.mtgprice.com/sets/Guilds_of_Ravnica/img/Hitchclaw Recluse.full.jpg,True,0.06,TCG Player,Hitchclaw Recluse,0.0,0.0,0,Guilds_of_Ravnica_Foil,/spoiler_lists/Guilds_of_Ravnic_(Foil),/sets/Guilds_of_Ravnica_Foil/Hitchclaw_Recluse
0.0,0.0,ABUGames,0.07,House_GuildmageGuilds_of_Ravnica_FoiltrueNM-M,0,1.08,http://s.mtgprice.com/sets/Guilds_of_Ravnica/img/House Guildmage.full.jpg,True,0.35,Card Kingdom,House Guildmage,0.0,0.0,0,Guilds_of_Ravnica_Foil,/spoiler_lists/Guilds_of_Ravnic_(Foil),/sets/Guilds_of_Ravnica_Foil/House_Guildmage
-0.599999964237213,0.0,ABUGames,0.23,Hunted_WitnessGuilds_of_Ravnica_FoiltrueNM-M,0,0.58,http://s.mtgprice.com/sets/Guilds_of_Ravnica/img/Hunted Witness.full.jpg,True,0.49,Card Kingdom,Hunted Witness,-50.84745788574219,0.0,0,Guilds_of_Ravnica_Foil,/spoiler_lists/Guilds_of_Ravnic_(Foil),/sets/Guilds_of_Ravnica_Foil/Hunted_Witness
0.0,0.0,ABUGames,0.08,HypothesizzleGuilds_of_Ravnica_FoiltrueNM-M,0,0.16,http://s.mtgprice.com/sets/Guilds_of_Ravnica/img/Hypothesizzle.full.jpg,True,0.16,TCG Player,Hypothesizzle,0.0,0.0,0,Guilds_of_Ravnica_Foil,/spoiler_lists/Guilds_of_Ravnic_(Foil),/sets/Guilds_of_Ravnica_Foil/Hypothesizzle
0.0,0.0,ABUGames,1.41,Impervious_GreatwurmGuilds_of_Ravnica_FoiltrueNM-M,0,4.09,http://s.mtgprice.com/sets/Guilds_of_Ravnica/img/Impervious Greatwurm.full.jpg,True,4.09,ABUGames,Impervious Greatwurm,0.0,0.0,0,Guilds_of_Ravnica_Foil,/spoiler_lists/Guilds_of_Ravnic_(Foil),/sets/Guilds_of_Ravnica_Foil/Impervious_Greatwurm
0.0,0.0,ABUGames,0.06,Inescapable_BlazeGuilds_of_Ravnica_FoiltrueNM-M,0,0.18,http://s.mtgprice.com/sets/Guilds_of_Ravnica/img/Inescapable Blaze.full.jpg,True,0.18,TCG Player,Inescapable Blaze,0.0,0.0,0,Guilds_of_Ravnica_Foil,/spoiler_lists/Guilds_of_Ravnic_(Foil),/sets/Guilds_of_Ravnica_Foil/Inescapable_Blaze
0.0,0.0,ABUGames,0.06,Inspiring_UnicornGuilds_of_Ravnica_FoiltrueNM-M,0,0.13,http://s.mtgprice.com/sets/Guilds_of_Ravnica/img/Inspiring Unicorn.full.jpg,True,0.13,TCG Player,Inspiring Unicorn,0.0,0.0,0,Guilds_of_Ravnica_Foil,/spoiler_lists/Guilds_of_Ravnic_(Foil),/sets/Guilds_of_Ravnica_Foil/Inspiring_Unicorn
0.0,0.0,UNDEFINED,0.0,IntegrityGuilds_of_Ravnica_FoiltrueNM-M,0,0.0,http://s.mtgprice.com/sets/Guilds_of_Ravnica/img/Integrity.full.jpg,True,999999.0,Unknown,Integrity,,,0,Guilds_of_Ravnica_Foil,/spoiler_lists/Guilds_of_Ravnic_(Foil),/sets/Guilds_of_Ravnica_Foil/Integrity
0.0,0.0,UNDEFINED,0.0,InterventionGuilds_of_Ravnica_FoiltrueNM-M,0,0.0,http://s.mtgprice.com/sets/Guilds_of_Ravnica/img/Intervention.full.jpg,True,999999.0,Unknown,Intervention,,,0,Guilds_of_Ravnica_Foil,/spoiler_lists/Guilds_of_Ravnic_(Foil),/sets/Guilds_of_Ravnica_Foil/Intervention
0.0,0.0,ChannelFireball,0.05,Intrusive_PackbeastGuilds_of_Ravnica_FoiltrueNM-M,0,0.88,http://s.mtgprice.com/sets/Guilds_of_Ravnica/img/Intrusive Packbeast.full.jpg,True,0.19,ABUGames,Intrusive Packbeast,0.0,0.0,0,Guilds_of_Ravnica_Foil,/spoiler_lists/Guilds_of_Ravnic_(Foil),/sets/Guilds_of_Ravnica_Foil/Intrusive_Packbeast
0.0,0.0,UNDEFINED,0.0,InventGuilds_of_Ravnica_FoiltrueNM-M,0,0.0,http://s.mtgprice.com/sets/Guilds_of_Ravnica/img/Invent.full.jpg,True,999999.0,Unknown,Invent,,,0,Guilds_of_Ravnica_Foil,/spoiler_lists/Guilds_of_Ravnic_(Foil),/sets/Guilds_of_Ravnica_Foil/Invent
0.0,0.0,UNDEFINED,0.0,InvertGuilds_of_Ravnica_FoiltrueNM-M,0,0.0,http://s.mtgprice.com/sets/Guilds_of_Ravnica/img/Invert.full.jpg,True,999999.0,Unknown,Invert,,,0,Guilds_of_Ravnica_Foil,/spoiler_lists/Guilds_of_Ravnic_(Foil),/sets/Guilds_of_Ravnica_Foil/Invert
0.5499999523162841,0.0,StrikeZone,1.0,IonizeGuilds_of_Ravnica_FoiltrueNM-M,0,2.03,http://s.mtgprice.com/sets/Guilds_of_Ravnica/img/Ionize.full.jpg,True,1.99,Card Kingdom,Ionize,37.16215896606445,0.0,0,Guilds_of_Ravnica_Foil,/spoiler_lists/Guilds_of_Ravnic_(Foil),/sets/Guilds_of_Ravnica_Foil/Ionize
0.029999993741512004,0.0,ABUGames,0.02,Ironshell_BeetleGuilds_of_Ravnica_FoiltrueNM-M,0,0.12,http://s.mtgprice.com/sets/Guilds_of_Ravnica/img/Ironshell Beetle.full.jpg,True,0.12,TCG Player,Ironshell Beetle,33.33332443237305,0.0,0,Guilds_of_Ravnica_Foil,/spoiler_lists/Guilds_of_Ravnic_(Foil),/sets/Guilds_of_Ravnica_Foil/Ironshell_Beetle
0.0,0.0,ABUGames,0.04,IslandGuilds_of_Ravnica_FoiltrueNM-M,0,0.53,http://s.mtgprice.com/sets/Guilds_of_Ravnica/img/Island.full.jpg,True,0.53,TCG Player,Island,0.0,0.0,0,Guilds_of_Ravnica_Foil,/spoiler_lists/Guilds_of_Ravnic_(Foil),/sets/Guilds_of_Ravnica_Foil/Island
0.790000021457672,0.0,ChannelFireball,0.25,"Izoni,_Thousand-EyedGuilds_of_Ravnica_FoiltrueNM-M",0,1.5,"http://s.mtgprice.com/sets/Guilds_of_Ravnica/img/Izoni, Thousand-Eyed.full.jpg",True,0.79,Card Kingdom,"Izoni, Thousand-Eyed",111.26761627197266,0.0,0,Guilds_of_Ravnica_Foil,/spoiler_lists/Guilds_of_Ravnic_(Foil),"/sets/Guilds_of_Ravnica_Foil/Izoni,_Thousand-Eyed"
-0.25,0.0,ABUGames,0.28,Izzet_GuildgateGuilds_of_Ravnica_FoiltrueNM-M,0,0.67,http://s.mtgprice.com/sets/Guilds_of_Ravnica/img/Izzet Guildgate.full.jpg,True,0.49,ChannelFireball,Izzet Guildgate,-27.173912048339844,0.0,0,Guilds_of_Ravnica_Foil,/spoiler_lists/Guilds_of_Ravnic_(Foil),/sets/Guilds_of_Ravnica_Foil/Izzet_Guildgate
0.069999992847442,0.0,ABUGames,0.09,Izzet_LocketGuilds_of_Ravnica_FoiltrueNM-M,0,0.37,http://s.mtgprice.com/sets/Guilds_of_Ravnica/img/Izzet Locket.full.jpg,True,0.37,TCG Player,Izzet Locket,23.333330154418945,0.0,0,Guilds_of_Ravnica_Foil,/spoiler_lists/Guilds_of_Ravnic_(Foil),/sets/Guilds_of_Ravnica_Foil/Izzet_Locket
0.0,0.0,ABUGames,0.14,Join_ShieldsGuilds_of_Ravnica_FoiltrueNM-M,0,0.15,http://s.mtgprice.com/sets/Guilds_of_Ravnica/img/Join Shields.full.jpg,True,0.15,TCG Player,Join Shields,0.0,0.0,0,Guilds_of_Ravnica_Foil,/spoiler_lists/Guilds_of_Ravnic_(Foil),/sets/Guilds_of_Ravnica_Foil/Join_Shields
-0.009999990463256002,0.0,ABUGames,0.23,Justice_StrikeGuilds_of_Ravnica_FoiltrueNM-M,0,1.07,http://s.mtgprice.com/sets/Guilds_of_Ravnica/img/Justice Strike.full.jpg,True,0.79,Card Kingdom,Justice Strike,-0.925925016403198,0.0,0,Guilds_of_Ravnica_Foil,/spoiler_lists/Guilds_of_Ravnic_(Foil),/sets/Guilds_of_Ravnica_Foil/Justice_Strike
-1.21999979019165,-0.009999752044677,TCG Player,3.85,Knight_of_AutumnGuilds_of_Ravnica_FoiltrueNM-M,0,5.48,http://s.mtgprice.com/sets/Guilds_of_Ravnica/img/Knight of Autumn.full.jpg,True,4.99,Card Kingdom,Knight of Autumn,-18.208951950073242,-0.182144850492477,0,Guilds_of_Ravnica_Foil,/spoiler_lists/Guilds_of_Ravnic_(Foil),/sets/Guilds_of_Ravnica_Foil/Knight_of_Autumn
0.0,0.0,ABUGames,0.02,Kraul_ForagersGuilds_of_Ravnica_FoiltrueNM-M,0,0.12,http://s.mtgprice.com/sets/Guilds_of_Ravnica/img/Kraul Foragers.full.jpg,True,0.12,TCG Player,Kraul Foragers,0.0,0.0,0,Guilds_of_Ravnica_Foil,/spoiler_lists/Guilds_of_Ravnic_(Foil),/sets/Guilds_of_Ravnica_Foil/Kraul_Foragers
-0.050000071525573,0.0,Card Kingdom,0.88,Kraul_HarpoonerGuilds_of_Ravnica_FoiltrueNM-M,0,1.15,http://s.mtgprice.com/sets/Guilds_of_Ravnica/img/Kraul Harpooner.full.jpg,True,1.15,TCG Player,Kraul Harpooner,-4.166672229766846,0.0,0,Guilds_of_Ravnica_Foil,/spoiler_lists/Guilds_of_Ravnic_(Foil),/sets/Guilds_of_Ravnica_Foil/Kraul_Harpooner
0.0,0.0,UNDEFINED,0.0,Kraul_RaiderGuilds_of_Ravnica_FoiltrueNM-M,0,0.0,http://s.mtgprice.com/sets/Guilds_of_Ravnica/img/Kraul Raider.full.jpg,True,999999.0,Unknown,Kraul Raider,,,0,Guilds_of_Ravnica_Foil,/spoiler_lists/Guilds_of_Ravnic_(Foil),/sets/Guilds_of_Ravnica_Foil/Kraul_Raider
0.009999997913837001,0.0,ChannelFireball,0.05,Kraul_SwarmGuilds_of_Ravnica_FoiltrueNM-M,0,0.08,http://s.mtgprice.com/sets/Guilds_of_Ravnica/img/Kraul Swarm.full.jpg,True,0.08,TCG Player,Kraul Swarm,14.285712242126465,0.0,0,Guilds_of_Ravnica_Foil,/spoiler_lists/Guilds_of_Ravnic_(Foil),/sets/Guilds_of_Ravnica_Foil/Kraul_Swarm
0.110000133514404,0.0,ABUGames,1.11,Lava_CoilGuilds_of_Ravnica_FoiltrueNM-M,0,2.66,http://s.mtgprice.com/sets/Guilds_of_Ravnica/img/Lava Coil.full.jpg,True,2.49,CoolStuff,Lava Coil,4.313730716705322,0.0,0,Guilds_of_Ravnica_Foil,/spoiler_lists/Guilds_of_Ravnic_(Foil),/sets/Guilds_of_Ravnica_Foil/Lava_Coil
-1.009999752044677,0.0,TCG Player,4.59,"Lazav,_the_MultifariousGuilds_of_Ravnica_FoiltrueNM-M",0,7.98,"http://s.mtgprice.com/sets/Guilds_of_Ravnica/img/Lazav, the Multifarious.full.jpg",True,7.98,TCG Player,"Lazav, the Multifarious",-11.234703063964844,0.0,0,Guilds_of_Ravnica_Foil,/spoiler_lists/Guilds_of_Ravnic_(Foil),"/sets/Guilds_of_Ravnica_Foil/Lazav,_the_Multifarious"
0.0,0.0,ABUGames,0.17,League_GuildmageGuilds_of_Ravnica_FoiltrueNM-M,0,1.07,http://s.mtgprice.com/sets/Guilds_of_Ravnica/img/League Guildmage.full.jpg,True,0.35,Card Kingdom,League Guildmage,0.0,0.0,0,Guilds_of_Ravnica_Foil,/spoiler_lists/Guilds_of_Ravnic_(Foil),/sets/Guilds_of_Ravnica_Foil/League_Guildmage
-0.010000005364418,0.0,ChannelFireball,0.05,LeapfrogGuilds_of_Ravnica_FoiltrueNM-M,0,0.14,http://s.mtgprice.com/sets/Guilds_of_Ravnica/img/Leapfrog.full.jpg,True,0.14,TCG Player,Leapfrog,-6.666669845581055,0.0,0,Guilds_of_Ravnica_Foil,/spoiler_lists/Guilds_of_Ravnic_(Foil),/sets/Guilds_of_Ravnica_Foil/Leapfrog
0.0,0.0,ABUGames,0.08,Ledev_ChampionGuilds_of_Ravnica_FoiltrueNM-M,0,0.14,http://s.mtgprice.com/sets/Guilds_of_Ravnica/img/Ledev Champion.full.jpg,True,0.14,TCG Player,Ledev Champion,0.0,0.0,0,Guilds_of_Ravnica_Foil,/spoiler_lists/Guilds_of_Ravnic_(Foil),/sets/Guilds_of_Ravnica_Foil/Ledev_Champion
0.0,0.0,ABUGames,0.02,Ledev_GuardianGuilds_of_Ravnica_FoiltrueNM-M,0,0.09,http://s.mtgprice.com/sets/Guilds_of_Ravnica/img/Ledev Guardian.full.jpg,True,0.09,TCG Player,Ledev Guardian,0.0,0.0,0,Guilds_of_Ravnica_Foil,/spoiler_lists/Guilds_of_Ravnic_(Foil),/sets/Guilds_of_Ravnica_Foil/Ledev_Guardian
0.0,0.0,ChannelFireball,0.05,Legion_GuildmageGuilds_of_Ravnica_FoiltrueNM-M,0,0.15,http://s.mtgprice.com/sets/Guilds_of_Ravnica/img/Legion Guildmage.full.jpg,True,0.15,TCG Player,Legion Guildmage,0.0,0.0,0,Guilds_of_Ravnica_Foil,/spoiler_lists/Guilds_of_Ravnic_(Foil),/sets/Guilds_of_Ravnica_Foil/Legion_Guildmage
-0.5099997520446771,-0.23000001907348602,StrikeZone,3.0,Legion_WarbossGuilds_of_Ravnica_FoiltrueNM-M,0,3.94,http://s.mtgprice.com/sets/Guilds_of_Ravnica/img/Legion Warboss.full.jpg,True,3.94,TCG Player,Legion Warboss,-11.46066951751709,-5.51558780670166,0,Guilds_of_Ravnica_Foil,/spoiler_lists/Guilds_of_Ravnic_(Foil),/sets/Guilds_of_Ravnica_Foil/Legion_Warboss
0.0,0.0,ABUGames,0.3,Light_of_the_LegionGuilds_of_Ravnica_FoiltrueNM-M,0,1.15,http://s.mtgprice.com/sets/Guilds_of_Ravnica/img/Light of the Legion.full.jpg,True,0.49,Card Kingdom,Light of the Legion,0.0,0.0,0,Guilds_of_Ravnica_Foil,/spoiler_lists/Guilds_of_Ravnic_(Foil),/sets/Guilds_of_Ravnica_Foil/Light_of_the_Legion
0.0,0.0,ABUGames,0.09,Lotleth_GiantGuilds_of_Ravnica_FoiltrueNM-M,0,0.18,http://s.mtgprice.com/sets/Guilds_of_Ravnica/img/Lotleth Giant.full.jpg,True,0.18,TCG Player,Lotleth Giant,0.0,0.0,0,Guilds_of_Ravnica_Foil,/spoiler_lists/Guilds_of_Ravnic_(Foil),/sets/Guilds_of_Ravnica_Foil/Lotleth_Giant
-0.009999997913837001,0.0,ABUGames,0.02,Loxodon_RestorerGuilds_of_Ravnica_FoiltrueNM-M,0,0.12,http://s.mtgprice.com/sets/Guilds_of_Ravnica/img/Loxodon Restorer.full.jpg,True,0.12,TCG Player,Loxodon Restorer,-7.6923065185546875,0.0,0,Guilds_of_Ravnica_Foil,/spoiler_lists/Guilds_of_Ravnic_(Foil),/sets/Guilds_of_Ravnica_Foil/Loxodon_Restorer
0.0,0.0,ABUGames,0.02,Luminous_BondsGuilds_of_Ravnica_FoiltrueNM-M,0,0.1,http://s.mtgprice.com/sets/Guilds_of_Ravnica/img/Luminous Bonds.full.jpg,True,0.1,TCG Player,Luminous Bonds,0.0,0.0,0,Guilds_of_Ravnica_Foil,/spoiler_lists/Guilds_of_Ravnic_(Foil),/sets/Guilds_of_Ravnica_Foil/Luminous_Bonds
0.0,0.0,ChannelFireball,0.05,Maniacal_RageGuilds_of_Ravnica_FoiltrueNM-M,0,0.06,http://s.mtgprice.com/sets/Guilds_of_Ravnica/img/Maniacal Rage.full.jpg,True,0.06,TCG Player,Maniacal Rage,0.0,0.0,0,Guilds_of_Ravnica_Foil,/spoiler_lists/Guilds_of_Ravnic_(Foil),/sets/Guilds_of_Ravnica_Foil/Maniacal_Rage
-0.19999980926513602,0.0,TCG Player,3.05,March_of_the_MultitudesGuilds_of_Ravnica_FoiltrueNM-M,0,4.78,http://s.mtgprice.com/sets/Guilds_of_Ravnica/img/March of the Multitudes.full.jpg,True,3.99,CoolStuff,March of the Multitudes,-4.016060352325439,0.0,0,Guilds_of_Ravnica_Foil,/spoiler_lists/Guilds_of_Ravnic_(Foil),/sets/Guilds_of_Ravnica_Foil/March_of_the_Multitudes
-0.170000076293945,0.0,CoolStuff,1.0,Mausoleum_SecretsGuilds_of_Ravnica_FoiltrueNM-M,0,1.98,http://s.mtgprice.com/sets/Guilds_of_Ravnica/img/Mausoleum Secrets.full.jpg,True,1.98,TCG Player,Mausoleum Secrets,-7.906980037689209,0.0,0,Guilds_of_Ravnica_Foil,/spoiler_lists/Guilds_of_Ravnic_(Foil),/sets/Guilds_of_Ravnica_Foil/Mausoleum_Secrets
0.0,0.0,ChannelFireball,0.05,Maximize_AltitudeGuilds_of_Ravnica_FoiltrueNM-M,0,0.13,http://s.mtgprice.com/sets/Guilds_of_Ravnica/img/Maximize Altitude.full.jpg,True,0.13,TCG Player,Maximize Altitude,0.0,0.0,0,Guilds_of_Ravnica_Foil,/spoiler_lists/Guilds_of_Ravnic_(Foil),/sets/Guilds_of_Ravnica_Foil/Maximize_Altitude
0.0,0.049999982118606005,ABUGames,0.05,Maximize_VelocityGuilds_of_Ravnica_FoiltrueNM-M,0,0.41000000000000003,http://s.mtgprice.com/sets/Guilds_of_Ravnica/img/Maximize Velocity.full.jpg,True,0.25,Card Kingdom,Maximize Velocity,0.0,13.888883590698242,0,Guilds_of_Ravnica_Foil,/spoiler_lists/Guilds_of_Ravnic_(Foil),/sets/Guilds_of_Ravnica_Foil/Maximize_Velocity
0.0,0.0,ABUGames,0.02,Mephitic_VaporsGuilds_of_Ravnica_FoiltrueNM-M,0,0.04,http://s.mtgprice.com/sets/Guilds_of_Ravnica/img/Mephitic Vapors.full.jpg,True,0.04,TCG Player,Mephitic Vapors,0.0,0.0,0,Guilds_of_Ravnica_Foil,/spoiler_lists/Guilds_of_Ravnic_(Foil),/sets/Guilds_of_Ravnica_Foil/Mephitic_Vapors
-0.44000005722045904,-0.23000001907348602,TCG Player,3.03,Midnight_ReaperGuilds_of_Ravnica_FoiltrueNM-M,0,4.79,http://s.mtgprice.com/sets/Guilds_of_Ravnica/img/Midnight Reaper.full.jpg,True,3.99,Card Kingdom,Midnight Reaper,-8.413002967834473,-4.581673622131348,0,Guilds_of_Ravnica_Foil,/spoiler_lists/Guilds_of_Ravnic_(Foil),/sets/Guilds_of_Ravnica_Foil/Midnight_Reaper
0.0,0.0,ABUGames,0.06,Might_of_the_MassesGuilds_of_Ravnica_FoiltrueNM-M,0,0.15,http://s.mtgprice.com/sets/Guilds_of_Ravnica/img/Might of the Masses.full.jpg,True,0.15,TCG Player,Might of the Masses,0.0,0.0,0,Guilds_of_Ravnica_Foil,/spoiler_lists/Guilds_of_Ravnic_(Foil),/sets/Guilds_of_Ravnica_Foil/Might_of_the_Masses
-0.030000090599060003,0.0,Card Kingdom,1.6,Mission_BriefingGuilds_of_Ravnica_FoiltrueNM-M,0,1.92,http://s.mtgprice.com/sets/Guilds_of_Ravnica/img/Mission Briefing.full.jpg,True,1.92,TCG Player,Mission Briefing,-1.538466095924377,0.0,0,Guilds_of_Ravnica_Foil,/spoiler_lists/Guilds_of_Ravnic_(Foil),/sets/Guilds_of_Ravnica_Foil/Mission_Briefing
0.02999997138977,0.0,StrikeZone,2.0,Mnemonic_BetrayalGuilds_of_Ravnica_FoiltrueNM-M,0,3.48,http://s.mtgprice.com/sets/Guilds_of_Ravnica/img/Mnemonic Betrayal.full.jpg,True,3.48,TCG Player,Mnemonic Betrayal,0.869564354419708,0.0,0,Guilds_of_Ravnica_Foil,/spoiler_lists/Guilds_of_Ravnic_(Foil),/sets/Guilds_of_Ravnica_Foil/Mnemonic_Betrayal
-0.009999990463256002,0.0,Card Kingdom,0.45,MolderhulkGuilds_of_Ravnica_FoiltrueNM-M,0,0.62,http://s.mtgprice.com/sets/Guilds_of_Ravnica/img/Molderhulk.full.jpg,True,0.62,TCG Player,Molderhulk,-1.587300062179565,0.0,0,Guilds_of_Ravnica_Foil,/spoiler_lists/Guilds_of_Ravnic_(Foil),/sets/Guilds_of_Ravnica_Foil/Molderhulk
0.0,0.0,ChannelFireball,0.05,Moodmark_PainterGuilds_of_Ravnica_FoiltrueNM-M,0,0.09,http://s.mtgprice.com/sets/Guilds_of_Ravnica/img/Moodmark Painter.full.jpg,True,0.09,TCG Player,Moodmark Painter,0.0,0.0,0,Guilds_of_Ravnica_Foil,/spoiler_lists/Guilds_of_Ravnic_(Foil),/sets/Guilds_of_Ravnica_Foil/Moodmark_Painter
0.019999980926513002,0.0,ChannelFireball,0.05,MountainGuilds_of_Ravnica_FoiltrueNM-M,0,0.29,http://s.mtgprice.com/sets/Guilds_of_Ravnica/img/Mountain.full.jpg,True,0.29,TCG Player,Mountain,7.407400131225586,0.0,0,Guilds_of_Ravnica_Foil,/spoiler_lists/Guilds_of_Ravnic_(Foil),/sets/Guilds_of_Ravnica_Foil/Mountain
0.0,0.0,CoolStuff,1.0,Murmuring_MysticGuilds_of_Ravnica_FoiltrueNM-M,0,1.8900000000000001,http://s.mtgprice.com/sets/Guilds_of_Ravnica/img/Murmuring Mystic.full.jpg,True,1.49,Card Kingdom,Murmuring Mystic,0.0,0.0,0,Guilds_of_Ravnica_Foil,/spoiler_lists/Guilds_of_Ravnic_(Foil),/sets/Guilds_of_Ravnica_Foil/Murmuring_Mystic
0.0,0.0,ABUGames,0.02,Muse_DrakeGuilds_of_Ravnica_FoiltrueNM-M,0,0.11,http://s.mtgprice.com/sets/Guilds_of_Ravnica/img/Muse Drake.full.jpg,True,0.11,TCG Player,Muse Drake,0.0,0.0,0,Guilds_of_Ravnica_Foil,/spoiler_lists/Guilds_of_Ravnic_(Foil),/sets/Guilds_of_Ravnica_Foil/Muse_Drake
-0.040000081062316006,0.0,ABUGames,0.62,NarcomoebaGuilds_of_Ravnica_FoiltrueNM-M,0,1.4,http://s.mtgprice.com/sets/Guilds_of_Ravnica/img/Narcomoeba.full.jpg,True,1.4,TCG Player,Narcomoeba,-2.7777833938598633,0.0,0,Guilds_of_Ravnica_Foil,/spoiler_lists/Guilds_of_Ravnic_(Foil),/sets/Guilds_of_Ravnica_Foil/Narcomoeba
0.0,0.0,ChannelFireball,0.05,Necrotic_WoundGuilds_of_Ravnica_FoiltrueNM-M,0,0.19,http://s.mtgprice.com/sets/Guilds_of_Ravnica/img/Necrotic Wound.full.jpg,True,0.19,TCG Player,Necrotic Wound,0.0,0.0,0,Guilds_of_Ravnica_Foil,/spoiler_lists/Guilds_of_Ravnic_(Foil),/sets/Guilds_of_Ravnica_Foil/Necrotic_Wound
0.0,0.0,ChannelFireball,0.05,Never_HappenedGuilds_of_Ravnica_FoiltrueNM-M,0,0.09,http://s.mtgprice.com/sets/Guilds_of_Ravnica/img/Never Happened.full.jpg,True,0.09,TCG Player,Never Happened,0.0,0.0,0,Guilds_of_Ravnica_Foil,/spoiler_lists/Guilds_of_Ravnic_(Foil),/sets/Guilds_of_Ravnica_Foil/Never_Happened
-0.8400000333786011,0.0,Card Kingdom,0.6,Nightveil_PredatorGuilds_of_Ravnica_FoiltrueNM-M,0,0.73,http://s.mtgprice.com/sets/Guilds_of_Ravnica/img/Nightveil Predator.full.jpg,True,0.73,TCG Player,Nightveil Predator,-53.5031852722168,0.0,0,Guilds_of_Ravnica_Foil,/spoiler_lists/Guilds_of_Ravnic_(Foil),/sets/Guilds_of_Ravnica_Foil/Nightveil_Predator
-0.339999973773956,0.0,Card Kingdom,0.2,Nightveil_SpriteGuilds_of_Ravnica_FoiltrueNM-M,0,0.6900000000000001,http://s.mtgprice.com/sets/Guilds_of_Ravnica/img/Nightveil Sprite.full.jpg,True,0.69,TCG Player,Nightveil Sprite,-33.009708404541016,0.0,0,Guilds_of_Ravnica_Foil,/spoiler_lists/Guilds_of_Ravnic_(Foil),/sets/Guilds_of_Ravnica_Foil/Nightveil_Sprite
0.9600000381469721,0.0,Card Kingdom,7.8,"Niv-Mizzet,_ParunGuilds_of_Ravnica_FoiltrueNM-M",0,7.96,"http://s.mtgprice.com/sets/Guilds_of_Ravnica/img/Niv-Mizzet, Parun.full.jpg",True,7.96,TCG Player,"Niv-Mizzet, Parun",13.714286804199219,0.0,0,Guilds_of_Ravnica_Foil,/spoiler_lists/Guilds_of_Ravnic_(Foil),"/sets/Guilds_of_Ravnica_Foil/Niv-Mizzet,_Parun"
0.049999982118606005,0.0,CoolStuff,0.5,Notion_RainGuilds_of_Ravnica_FoiltrueNM-M,0,0.48,http://s.mtgprice.com/sets/Guilds_of_Ravnica/img/Notion Rain.full.jpg,True,0.48,TCG Player,Notion Rain,11.62790298461914,0.0,0,Guilds_of_Ravnica_Foil,/spoiler_lists/Guilds_of_Ravnic_(Foil),/sets/Guilds_of_Ravnica_Foil/Notion_Rain
0.009999990463256002,0.0,StrikeZone,1.5,Nullhide_FeroxGuilds_of_Ravnica_FoiltrueNM-M,0,2.35,http://s.mtgprice.com/sets/Guilds_of_Ravnica/img/Nullhide Ferox.full.jpg,True,1.99,Card Kingdom,Nullhide Ferox,0.42735004425048806,0.0,0,Guilds_of_Ravnica_Foil,/spoiler_lists/Guilds_of_Ravnic_(Foil),/sets/Guilds_of_Ravnica_Foil/Nullhide_Ferox
0.0,0.0,ABUGames,0.15,Ochran_AssassinGuilds_of_Ravnica_FoiltrueNM-M,0,1.03,http://s.mtgprice.com/sets/Guilds_of_Ravnica/img/Ochran Assassin.full.jpg,True,0.39,Card Kingdom,Ochran Assassin,0.0,0.0,0,Guilds_of_Ravnica_Foil,/spoiler_lists/Guilds_of_Ravnic_(Foil),/sets/Guilds_of_Ravnica_Foil/Ochran_Assassin
0.049999982118606005,0.0,ChannelFireball,0.25,Omnispell_AdeptGuilds_of_Ravnica_FoiltrueNM-M,0,0.48,http://s.mtgprice.com/sets/Guilds_of_Ravnica/img/Omnispell Adept.full.jpg,True,0.48,TCG Player,Omnispell Adept,11.62790298461914,0.0,0,Guilds_of_Ravnica_Foil,/spoiler_lists/Guilds_of_Ravnic_(Foil),/sets/Guilds_of_Ravnica_Foil/Omnispell_Adept
0.0,0.0,ChannelFireball,0.05,Ornery_GoblinGuilds_of_Ravnica_FoiltrueNM-M,0,0.07,http://s.mtgprice.com/sets/Guilds_of_Ravnica/img/Ornery Goblin.full.jpg,True,0.07,TCG Player,Ornery Goblin,0.0,0.0,0,Guilds_of_Ravnica_Foil,/spoiler_lists/Guilds_of_Ravnic_(Foil),/sets/Guilds_of_Ravnica_Foil/Ornery_Goblin
-0.020000457763671,0.0,StrikeZone,13.0,Overgrown_TombGuilds_of_Ravnica_FoiltrueNM-M,0,16.48,http://s.mtgprice.com/sets/Guilds_of_Ravnica/img/Overgrown Tomb.full.jpg,True,16.48,TCG Player,Overgrown Tomb,-0.12121489644050501,0.0,0,Guilds_of_Ravnica_Foil,/spoiler_lists/Guilds_of_Ravnic_(Foil),/sets/Guilds_of_Ravnica_Foil/Overgrown_Tomb
0.0,0.0,ABUGames,0.02,Pack's_FavorGuilds_of_Ravnica_FoiltrueNM-M,0,0.09,http://s.mtgprice.com/sets/Guilds_of_Ravnica/img/Pack's Favor.full.jpg,True,0.09,TCG Player,Pack's Favor,0.0,0.0,0,Guilds_of_Ravnica_Foil,/spoiler_lists/Guilds_of_Ravnic_(Foil),/sets/Guilds_of_Ravnica_Foil/Pack's_Favor
0.0,0.0,ChannelFireball,0.05,Parhelion_PatrolGuilds_of_Ravnica_FoiltrueNM-M,0,0.14,http://s.mtgprice.com/sets/Guilds_of_Ravnica/img/Parhelion Patrol.full.jpg,True,0.14,TCG Player,Parhelion Patrol,0.0,0.0,0,Guilds_of_Ravnica_Foil,/spoiler_lists/Guilds_of_Ravnic_(Foil),/sets/Guilds_of_Ravnica_Foil/Parhelion_Patrol
0.0,0.0,ChannelFireball,0.05,Passwall_AdeptGuilds_of_Ravnica_FoiltrueNM-M,0,0.04,http://s.mtgprice.com/sets/Guilds_of_Ravnica/img/Passwall Adept.full.jpg,True,0.04,TCG Player,Passwall Adept,0.0,0.0,0,Guilds_of_Ravnica_Foil,/spoiler_lists/Guilds_of_Ravnic_(Foil),/sets/Guilds_of_Ravnica_Foil/Passwall_Adept
0.010000005364418,0.0,ChannelFireball,0.05,Pause_for_ReflectionGuilds_of_Ravnica_FoiltrueNM-M,0,0.14,http://s.mtgprice.com/sets/Guilds_of_Ravnica/img/Pause for Reflection.full.jpg,True,0.14,TCG Player,Pause for Reflection,7.692312240600586,0.0,0,Guilds_of_Ravnica_Foil,/spoiler_lists/Guilds_of_Ravnic_(Foil),/sets/Guilds_of_Ravnica_Foil/Pause_for_Reflection
0.050000190734863004,0.0,TCG Player,3.51,Pelt_CollectorGuilds_of_Ravnica_FoiltrueNM-M,0,5.0,http://s.mtgprice.com/sets/Guilds_of_Ravnica/img/Pelt Collector.full.jpg,True,4.48,TrollAndToad,Pelt Collector,1.010104894638061,0.0,0,Guilds_of_Ravnica_Foil,/spoiler_lists/Guilds_of_Ravnic_(Foil),/sets/Guilds_of_Ravnica_Foil/Pelt_Collector
-0.010000005364418,0.0,ABUGames,0.05,Pilfering_ImpGuilds_of_Ravnica_FoiltrueNM-M,0,0.14,http://s.mtgprice.com/sets/Guilds_of_Ravnica/img/Pilfering Imp.full.jpg,True,0.14,TCG Player,Pilfering Imp,-6.666669845581055,0.0,0,Guilds_of_Ravnica_Foil,/spoiler_lists/Guilds_of_Ravnic_(Foil),/sets/Guilds_of_Ravnica_Foil/Pilfering_Imp
0.0,0.0,ChannelFireball,0.05,Piston-Fist_CyclopsGuilds_of_Ravnica_FoiltrueNM-M,0,0.09,http://s.mtgprice.com/sets/Guilds_of_Ravnica/img/Piston-Fist Cyclops.full.jpg,True,0.09,TCG Player,Piston-Fist Cyclops,0.0,0.0,0,Guilds_of_Ravnica_Foil,/spoiler_lists/Guilds_of_Ravnic_(Foil),/sets/Guilds_of_Ravnica_Foil/Piston-Fist_Cyclops
0.0,0.0,ABUGames,0.05,Pitiless_GorgonGuilds_of_Ravnica_FoiltrueNM-M,0,0.13,http://s.mtgprice.com/sets/Guilds_of_Ravnica/img/Pitiless Gorgon.full.jpg,True,0.13,TCG Player,Pitiless Gorgon,0.0,0.0,0,Guilds_of_Ravnica_Foil,/spoiler_lists/Guilds_of_Ravnic_(Foil),/sets/Guilds_of_Ravnica_Foil/Pitiless_Gorgon
-0.5499999523162841,-0.680000066757202,CoolStuff,2.5,PlaguecrafterGuilds_of_Ravnica_FoiltrueNM-M,0,3.74,http://s.mtgprice.com/sets/Guilds_of_Ravnica/img/Plaguecrafter.full.jpg,True,3.74,TCG Player,Plaguecrafter,-12.820511817932129,-15.384615898132324,0,Guilds_of_Ravnica_Foil,/spoiler_lists/Guilds_of_Ravnic_(Foil),/sets/Guilds_of_Ravnica_Foil/Plaguecrafter
0.02999997138977,0.0,ABUGames,0.07,PlainsGuilds_of_Ravnica_FoiltrueNM-M,0,0.9,http://s.mtgprice.com/sets/Guilds_of_Ravnica/img/Plains.full.jpg,True,0.49,CoolStuff,Plains,3.448272466659546,0.0,0,Guilds_of_Ravnica_Foil,/spoiler_lists/Guilds_of_Ravnic_(Foil),/sets/Guilds_of_Ravnica_Foil/Plains
0.0,0.0,ChannelFireball,0.05,Portcullis_VineGuilds_of_Ravnica_FoiltrueNM-M,0,0.2,http://s.mtgprice.com/sets/Guilds_of_Ravnica/img/Portcullis Vine.full.jpg,True,0.19,ABUGames,Portcullis Vine,0.0,0.0,0,Guilds_of_Ravnica_Foil,/spoiler_lists/Guilds_of_Ravnic_(Foil),/sets/Guilds_of_Ravnica_Foil/Portcullis_Vine
0.0,0.0,UNDEFINED,0.0,Precision_BoltGuilds_of_Ravnica_FoiltrueNM-M,0,0.0,http://s.mtgprice.com/sets/Guilds_of_Ravnica/img/Precision Bolt.full.jpg,True,999999.0,Unknown,Precision Bolt,,,0,Guilds_of_Ravnica_Foil,/spoiler_lists/Guilds_of_Ravnic_(Foil),/sets/Guilds_of_Ravnica_Foil/Precision_Bolt
0.0,0.0,ChannelFireball,0.05,Prey_UponGuilds_of_Ravnica_FoiltrueNM-M,0,0.15,http://s.mtgprice.com/sets/Guilds_of_Ravnica/img/Prey Upon.full.jpg,True,0.15,TCG Player,Prey Upon,0.0,0.0,0,Guilds_of_Ravnica_Foil,/spoiler_lists/Guilds_of_Ravnic_(Foil),/sets/Guilds_of_Ravnica_Foil/Prey_Upon
0.020000040531158003,0.0,Card Kingdom,0.2,Price_of_FameGuilds_of_Ravnica_FoiltrueNM-M,0,0.79,http://s.mtgprice.com/sets/Guilds_of_Ravnica/img/Price of Fame.full.jpg,True,0.79,TCG Player,Price of Fame,2.5974080562591553,0.0,0,Guilds_of_Ravnica_Foil,/spoiler_lists/Guilds_of_Ravnic_(Foil),/sets/Guilds_of_Ravnica_Foil/Price_of_Fame
-0.010000109672546002,0.0,Card Kingdom,0.7,QuasiduplicateGuilds_of_Ravnica_FoiltrueNM-M,0,1.81,http://s.mtgprice.com/sets/Guilds_of_Ravnica/img/Quasiduplicate.full.jpg,True,1.79,ChannelFireball,Quasiduplicate,-0.549456596374511,0.0,0,Guilds_of_Ravnica_Foil,/spoiler_lists/Guilds_of_Ravnic_(Foil),/sets/Guilds_of_Ravnica_Foil/Quasiduplicate
-0.019999980926513002,0.0,ABUGames,0.36,Radical_IdeaGuilds_of_Ravnica_FoiltrueNM-M,0,0.79,http://s.mtgprice.com/sets/Guilds_of_Ravnica/img/Radical Idea.full.jpg,True,0.79,Card Kingdom,Radical Idea,-2.469133377075195,0.0,0,Guilds_of_Ravnica_Foil,/spoiler_lists/Guilds_of_Ravnic_(Foil),/sets/Guilds_of_Ravnica_Foil/Radical_Idea
0.0,0.0,UNDEFINED,0.0,Ral's_DispersalGuilds_of_Ravnica_FoiltrueNM-M,0,0.0,http://s.mtgprice.com/sets/Guilds_of_Ravnica/img/Ral's Dispersal.full.jpg,True,999999.0,Unknown,Ral's Dispersal,,,0,Guilds_of_Ravnica_Foil,/spoiler_lists/Guilds_of_Ravnic_(Foil),/sets/Guilds_of_Ravnica_Foil/Ral's_Dispersal
0.0,0.0,UNDEFINED,0.0,Ral's_StaticasterGuilds_of_Ravnica_FoiltrueNM-M,0,0.0,http://s.mtgprice.com/sets/Guilds_of_Ravnica/img/Ral's Staticaster.full.jpg,True,999999.0,Unknown,Ral's Staticaster,,,0,Guilds_of_Ravnica_Foil,/spoiler_lists/Guilds_of_Ravnic_(Foil),/sets/Guilds_of_Ravnica_Foil/Ral's_Staticaster
0.44999992847442605,0.0,CoolStuff,1.0,"Ral,_Caller_of_StormsGuilds_of_Ravnica_FoiltrueNM-M",0,1.67,"http://s.mtgprice.com/sets/Guilds_of_Ravnica/img/Ral, Caller of Storms.full.jpg",True,1.67,TCG Player,"Ral, Caller of Storms",36.88523864746094,0.0,0,Guilds_of_Ravnica_Foil,/spoiler_lists/Guilds_of_Ravnic_(Foil),"/sets/Guilds_of_Ravnica_Foil/Ral,_Caller_of_Storms"
-0.019999980926513002,0.0,ChannelFireball,2.5,"Ral,_Izzet_ViceroyGuilds_of_Ravnica_FoiltrueNM-M",0,2.91,"http://s.mtgprice.com/sets/Guilds_of_Ravnica/img/Ral, Izzet Viceroy.full.jpg",True,2.91,TCG Player,"Ral, Izzet Viceroy",-0.6825931668281551,0.0,0,Guilds_of_Ravnica_Foil,/spoiler_lists/Guilds_of_Ravnic_(Foil),"/sets/Guilds_of_Ravnica_Foil/Ral,_Izzet_Viceroy"
0.0,0.0,ABUGames,0.05,Rampaging_MonumentGuilds_of_Ravnica_FoiltrueNM-M,0,0.1,http://s.mtgprice.com/sets/Guilds_of_Ravnica/img/Rampaging Monument.full.jpg,True,0.1,TCG Player,Rampaging Monument,0.0,0.0,0,Guilds_of_Ravnica_Foil,/spoiler_lists/Guilds_of_Ravnic_(Foil),/sets/Guilds_of_Ravnica_Foil/Rampaging_Monument
0.0,0.0,UNDEFINED,0.0,ResponseGuilds_of_Ravnica_FoiltrueNM-M,0,0.0,http://s.mtgprice.com/sets/Guilds_of_Ravnica/img/Response.full.jpg,True,999999.0,Unknown,Response,,,0,Guilds_of_Ravnica_Foil,/spoiler_lists/Guilds_of_Ravnic_(Foil),/sets/Guilds_of_Ravnica_Foil/Response
0.0,0.0,UNDEFINED,0.0,ResurgenceGuilds_of_Ravnica_FoiltrueNM-M,0,0.0,http://s.mtgprice.com/sets/Guilds_of_Ravnica/img/Resurgence.full.jpg,True,999999.0,Unknown,Resurgence,,,0,Guilds_of_Ravnica_Foil,/spoiler_lists/Guilds_of_Ravnic_(Foil),/sets/Guilds_of_Ravnica_Foil/Resurgence
0.020000040531158003,0.0,Card Kingdom,0.16,Rhizome_LurcherGuilds_of_Ravnica_FoiltrueNM-M,0,0.98,http://s.mtgprice.com/sets/Guilds_of_Ravnica/img/Rhizome Lurcher.full.jpg,True,0.25,ChannelFireball,Rhizome Lurcher,2.083337783813476,0.0,0,Guilds_of_Ravnica_Foil,/spoiler_lists/Guilds_of_Ravnic_(Foil),/sets/Guilds_of_Ravnica_Foil/Rhizome_Lurcher
0.019999995827674002,0.0,ABUGames,0.02,Righteous_BlowGuilds_of_Ravnica_FoiltrueNM-M,0,0.12,http://s.mtgprice.com/sets/Guilds_of_Ravnica/img/Righteous Blow.full.jpg,True,0.12,TCG Player,Righteous Blow,19.999996185302734,0.0,0,Guilds_of_Ravnica_Foil,/spoiler_lists/Guilds_of_Ravnic_(Foil),/sets/Guilds_of_Ravnica_Foil/Righteous_Blow
-0.019999980926513002,0.0,ABUGames,1.04,Risk_FactorGuilds_of_Ravnica_FoiltrueNM-M,0,2.52,http://s.mtgprice.com/sets/Guilds_of_Ravnica/img/Risk Factor.full.jpg,True,1.49,Card Kingdom,Risk Factor,-0.7874008417129511,0.0,0,Guilds_of_Ravnica_Foil,/spoiler_lists/Guilds_of_Ravnic_(Foil),/sets/Guilds_of_Ravnica_Foil/Risk_Factor
0.20000004768371502,0.0,CoolStuff,1.25,Ritual_of_SootGuilds_of_Ravnica_FoiltrueNM-M,0,1.98,http://s.mtgprice.com/sets/Guilds_of_Ravnica/img/Ritual of Soot.full.jpg,True,1.49,Card Kingdom,Ritual of Soot,11.235957145690918,0.0,0,Guilds_of_Ravnica_Foil,/spoiler_lists/Guilds_of_Ravnic_(Foil),/sets/Guilds_of_Ravnica_Foil/Ritual_of_Soot
-0.019999995827674002,0.0,ChannelFireball,0.05,Roc_ChargerGuilds_of_Ravnica_FoiltrueNM-M,0,0.1,http://s.mtgprice.com/sets/Guilds_of_Ravnica/img/Roc Charger.full.jpg,True,0.1,TCG Player,Roc Charger,-16.666664123535156,0.0,0,Guilds_of_Ravnica_Foil,/spoiler_lists/Guilds_of_Ravnic_(Foil),/sets/Guilds_of_Ravnica_Foil/Roc_Charger
0.0,0.0,ChannelFireball,0.05,Rosemane_CentaurGuilds_of_Ravnica_FoiltrueNM-M,0,0.88,http://s.mtgprice.com/sets/Guilds_of_Ravnica/img/Rosemane Centaur.full.jpg,True,0.19,ABUGames,Rosemane Centaur,0.0,0.0,0,Guilds_of_Ravnica_Foil,/spoiler_lists/Guilds_of_Ravnic_(Foil),/sets/Guilds_of_Ravnica_Foil/Rosemane_Centaur
-0.010000005364418,0.0,ChannelFireball,0.05,Rubblebelt_BoarGuilds_of_Ravnica_FoiltrueNM-M,0,0.14,http://s.mtgprice.com/sets/Guilds_of_Ravnica/img/Rubblebelt Boar.full.jpg,True,0.14,TCG Player,Rubblebelt Boar,-6.666669845581055,0.0,0,Guilds_of_Ravnica_Foil,/spoiler_lists/Guilds_of_Ravnic_(Foil),/sets/Guilds_of_Ravnica_Foil/Rubblebelt_Boar
-0.07999992370605401,-0.910000085830688,Card Kingdom,2.0,Runaway_Steam-KinGuilds_of_Ravnica_FoiltrueNM-M,0,3.41,http://s.mtgprice.com/sets/Guilds_of_Ravnica/img/Runaway Steam-Kin.full.jpg,True,3.41,TCG Player,Runaway Steam-Kin,-2.2922613620758048,-21.064815521240234,0,Guilds_of_Ravnica_Foil,/spoiler_lists/Guilds_of_Ravnic_(Foil),/sets/Guilds_of_Ravnica_Foil/Runaway_Steam-Kin
0.0,0.0,StrikeZone,10.0,Sacred_FoundryGuilds_of_Ravnica_FoiltrueNM-M,0,12.09,http://s.mtgprice.com/sets/Guilds_of_Ravnica/img/Sacred Foundry.full.jpg,True,12.09,TCG Player,Sacred Foundry,0.0,0.0,0,Guilds_of_Ravnica_Foil,/spoiler_lists/Guilds_of_Ravnic_(Foil),/sets/Guilds_of_Ravnica_Foil/Sacred_Foundry
0.0,0.0,ChannelFireball,0.05,Selective_SnareGuilds_of_Ravnica_FoiltrueNM-M,0,0.13,http://s.mtgprice.com/sets/Guilds_of_Ravnica/img/Selective Snare.full.jpg,True,0.13,TCG Player,Selective Snare,0.0,0.0,0,Guilds_of_Ravnica_Foil,/spoiler_lists/Guilds_of_Ravnic_(Foil),/sets/Guilds_of_Ravnica_Foil/Selective_Snare
0.0,0.0,ABUGames,0.19,Selesnya_GuildgateGuilds_of_Ravnica_FoiltrueNM-M,0,0.34,http://s.mtgprice.com/sets/Guilds_of_Ravnica/img/Selesnya Guildgate.full.jpg,True,0.35,TrollAndToad,Selesnya Guildgate,0.0,0.0,0,Guilds_of_Ravnica_Foil,/spoiler_lists/Guilds_of_Ravnic_(Foil),/sets/Guilds_of_Ravnica_Foil/Selesnya_Guildgate
0.0,0.0,Card Kingdom,0.06,Selesnya_LocketGuilds_of_Ravnica_FoiltrueNM-M,0,0.23,http://s.mtgprice.com/sets/Guilds_of_Ravnica/img/Selesnya Locket.full.jpg,True,0.23,TCG Player,Selesnya Locket,0.0,0.0,0,Guilds_of_Ravnica_Foil,/spoiler_lists/Guilds_of_Ravnic_(Foil),/sets/Guilds_of_Ravnica_Foil/Selesnya_Locket
0.0,0.0,ABUGames,0.08,Severed_StrandsGuilds_of_Ravnica_FoiltrueNM-M,0,0.15,http://s.mtgprice.com/sets/Guilds_of_Ravnica/img/Severed Strands.full.jpg,True,0.15,TCG Player,Severed Strands,0.0,0.0,0,Guilds_of_Ravnica_Foil,/spoiler_lists/Guilds_of_Ravnic_(Foil),/sets/Guilds_of_Ravnica_Foil/Severed_Strands
0.0,0.0,ABUGames,0.02,Siege_WurmGuilds_of_Ravnica_FoiltrueNM-M,0,0.07,http://s.mtgprice.com/sets/Guilds_of_Ravnica/img/Siege Wurm.full.jpg,True,0.07,TCG Player,Siege Wurm,0.0,0.0,0,Guilds_of_Ravnica_Foil,/spoiler_lists/Guilds_of_Ravnic_(Foil),/sets/Guilds_of_Ravnica_Foil/Siege_Wurm
0.0,0.0,ChannelFireball,0.05,Silent_DartGuilds_of_Ravnica_FoiltrueNM-M,0,0.12,http://s.mtgprice.com/sets/Guilds_of_Ravnica/img/Silent Dart.full.jpg,True,0.12,TCG Player,Silent Dart,0.0,0.0,0,Guilds_of_Ravnica_Foil,/spoiler_lists/Guilds_of_Ravnic_(Foil),/sets/Guilds_of_Ravnica_Foil/Silent_Dart
0.0,0.0,StrikeZone,0.5,Sinister_SabotageGuilds_of_Ravnica_FoiltrueNM-M,0,1.18,http://s.mtgprice.com/sets/Guilds_of_Ravnica/img/Sinister Sabotage.full.jpg,True,0.89,ABUGames,Sinister Sabotage,0.0,0.0,0,Guilds_of_Ravnica_Foil,/spoiler_lists/Guilds_of_Ravnic_(Foil),/sets/Guilds_of_Ravnica_Foil/Sinister_Sabotage
0.009999997913837001,0.0,ABUGames,0.09,Skyknight_LegionnaireGuilds_of_Ravnica_FoiltrueNM-M,0,0.13,http://s.mtgprice.com/sets/Guilds_of_Ravnica/img/Skyknight Legionnaire.full.jpg,True,0.13,TCG Player,Skyknight Legionnaire,8.333332061767578,0.0,0,Guilds_of_Ravnica_Foil,/spoiler_lists/Guilds_of_Ravnic_(Foil),/sets/Guilds_of_Ravnica_Foil/Skyknight_Legionnaire
0.0,0.0,ChannelFireball,0.05,Skyline_ScoutGuilds_of_Ravnica_FoiltrueNM-M,0,0.04,http://s.mtgprice.com/sets/Guilds_of_Ravnica/img/Skyline Scout.full.jpg,True,0.04,TCG Player,Skyline Scout,0.0,0.0,0,Guilds_of_Ravnica_Foil,/spoiler_lists/Guilds_of_Ravnic_(Foil),/sets/Guilds_of_Ravnica_Foil/Skyline_Scout
0.790000021457672,0.0,ChannelFireball,0.05,Smelt-Ward_MinotaurGuilds_of_Ravnica_FoiltrueNM-M,0,0.93,http://s.mtgprice.com/sets/Guilds_of_Ravnica/img/Smelt-Ward Minotaur.full.jpg,True,0.24,ABUGames,Smelt-Ward Minotaur,564.2857055664062,0.0,0,Guilds_of_Ravnica_Foil,/spoiler_lists/Guilds_of_Ravnic_(Foil),/sets/Guilds_of_Ravnica_Foil/Smelt-Ward_Minotaur
0.0,0.0,ChannelFireball,0.05,Sonic_AssaultGuilds_of_Ravnica_FoiltrueNM-M,0,0.1,http://s.mtgprice.com/sets/Guilds_of_Ravnica/img/Sonic Assault.full.jpg,True,0.1,TCG Player,Sonic Assault,0.0,0.0,0,Guilds_of_Ravnica_Foil,/spoiler_lists/Guilds_of_Ravnic_(Foil),/sets/Guilds_of_Ravnica_Foil/Sonic_Assault
0.0,0.0,ABUGames,0.02,Spinal_CentipedeGuilds_of_Ravnica_FoiltrueNM-M,0,0.09,http://s.mtgprice.com/sets/Guilds_of_Ravnica/img/Spinal Centipede.full.jpg,True,0.09,TCG Player,Spinal Centipede,0.0,0.0,0,Guilds_of_Ravnica_Foil,/spoiler_lists/Guilds_of_Ravnic_(Foil),/sets/Guilds_of_Ravnica_Foil/Spinal_Centipede
0.0,0.0,ABUGames,0.15,Sprouting_RenewalGuilds_of_Ravnica_FoiltrueNM-M,0,0.88,http://s.mtgprice.com/sets/Guilds_of_Ravnica/img/Sprouting Renewal.full.jpg,True,0.35,Card Kingdom,Sprouting Renewal,0.0,0.0,0,Guilds_of_Ravnica_Foil,/spoiler_lists/Guilds_of_Ravnic_(Foil),/sets/Guilds_of_Ravnica_Foil/Sprouting_Renewal
0.0,0.0,UNDEFINED,0.0,StatueGuilds_of_Ravnica_FoiltrueNM-M,0,0.0,http://s.mtgprice.com/sets/Guilds_of_Ravnica/img/Statue.full.jpg,True,999999.0,Unknown,Statue,,,0,Guilds_of_Ravnica_Foil,/spoiler_lists/Guilds_of_Ravnic_(Foil),/sets/Guilds_of_Ravnica_Foil/Statue
0.0,0.0,UNDEFINED,0.0,StatusGuilds_of_Ravnica_FoiltrueNM-M,0,0.0,http://s.mtgprice.com/sets/Guilds_of_Ravnica/img/Status.full.jpg,True,999999.0,Unknown,Status,,,0,Guilds_of_Ravnica_Foil,/spoiler_lists/Guilds_of_Ravnic_(Foil),/sets/Guilds_of_Ravnica_Foil/Status
0.9200000762939451,0.0,Card Kingdom,13.8,Steam_VentsGuilds_of_Ravnica_FoiltrueNM-M,0,19.97,http://s.mtgprice.com/sets/Guilds_of_Ravnica/img/Steam Vents.full.jpg,True,19.97,TCG Player,Steam Vents,4.829397201538086,0.0,0,Guilds_of_Ravnica_Foil,/spoiler_lists/Guilds_of_Ravnic_(Foil),/sets/Guilds_of_Ravnica_Foil/Steam_Vents
-0.7799999713897701,-0.7799999713897701,ABUGames,0.05,Street_RiotGuilds_of_Ravnica_FoiltrueNM-M,0,0.1,http://s.mtgprice.com/sets/Guilds_of_Ravnica/img/Street Riot.full.jpg,True,0.1,TCG Player,Street Riot,-88.63636016845703,-88.63636016845703,0,Guilds_of_Ravnica_Foil,/spoiler_lists/Guilds_of_Ravnic_(Foil),/sets/Guilds_of_Ravnica_Foil/Street_Riot
0.7800000309944151,0.7800000309944151,ABUGames,0.02,Sumala_WoodshaperGuilds_of_Ravnica_FoiltrueNM-M,0,0.97,http://s.mtgprice.com/sets/Guilds_of_Ravnica/img/Sumala Woodshaper.full.jpg,True,0.19,ABUGames,Sumala Woodshaper,410.5263366699219,410.5263366699219,0,Guilds_of_Ravnica_Foil,/spoiler_lists/Guilds_of_Ravnic_(Foil),/sets/Guilds_of_Ravnica_Foil/Sumala_Woodshaper
0.0,0.0,ABUGames,0.07,Sunhome_StalwartGuilds_of_Ravnica_FoiltrueNM-M,0,0.2,http://s.mtgprice.com/sets/Guilds_of_Ravnica/img/Sunhome Stalwart.full.jpg,True,0.2,TCG Player,Sunhome Stalwart,0.0,0.0,0,Guilds_of_Ravnica_Foil,/spoiler_lists/Guilds_of_Ravnic_(Foil),/sets/Guilds_of_Ravnica_Foil/Sunhome_Stalwart
0.0,0.0,ChannelFireball,0.05,Sure_StrikeGuilds_of_Ravnica_FoiltrueNM-M,0,0.07,http://s.mtgprice.com/sets/Guilds_of_Ravnica/img/Sure Strike.full.jpg,True,0.07,TCG Player,Sure Strike,0.0,0.0,0,Guilds_of_Ravnica_Foil,/spoiler_lists/Guilds_of_Ravnic_(Foil),/sets/Guilds_of_Ravnica_Foil/Sure_Strike
0.0,0.0,ABUGames,0.03,SwampGuilds_of_Ravnica_FoiltrueNM-M,0,0.5,http://s.mtgprice.com/sets/Guilds_of_Ravnica/img/Swamp.full.jpg,True,0.49,CoolStuff,Swamp,0.0,0.0,0,Guilds_of_Ravnica_Foil,/spoiler_lists/Guilds_of_Ravnic_(Foil),/sets/Guilds_of_Ravnica_Foil/Swamp
-0.009999990463256002,0.0,ChannelFireball,0.05,Swarm_GuildmageGuilds_of_Ravnica_FoiltrueNM-M,0,0.99,http://s.mtgprice.com/sets/Guilds_of_Ravnica/img/Swarm Guildmage.full.jpg,True,0.24,ABUGames,Swarm Guildmage,-0.999999046325683,0.0,0,Guilds_of_Ravnica_Foil,/spoiler_lists/Guilds_of_Ravnic_(Foil),/sets/Guilds_of_Ravnica_Foil/Swarm_Guildmage
0.0,0.0,ABUGames,0.05,Swathcutter_GiantGuilds_of_Ravnica_FoiltrueNM-M,0,0.13,http://s.mtgprice.com/sets/Guilds_of_Ravnica/img/Swathcutter Giant.full.jpg,True,0.13,TCG Player,Swathcutter Giant,0.0,0.0,0,Guilds_of_Ravnica_Foil,/spoiler_lists/Guilds_of_Ravnic_(Foil),/sets/Guilds_of_Ravnica_Foil/Swathcutter_Giant
-0.039999961853027004,0.0,CoolStuff,0.75,Swiftblade_VindicatorGuilds_of_Ravnica_FoiltrueNM-M,0,1.11,http://s.mtgprice.com/sets/Guilds_of_Ravnica/img/Swiftblade Vindicator.full.jpg,True,0.99,Card Kingdom,Swiftblade Vindicator,-3.478257656097412,0.0,0,Guilds_of_Ravnica_Foil,/spoiler_lists/Guilds_of_Ravnic_(Foil),/sets/Guilds_of_Ravnica_Foil/Swiftblade_Vindicator
0.019999995827674002,0.0,Card Kingdom,0.05,Sworn_CompanionsGuilds_of_Ravnica_FoiltrueNM-M,0,0.12,http://s.mtgprice.com/sets/Guilds_of_Ravnica/img/Sworn Companions.full.jpg,True,0.12,TCG Player,Sworn Companions,19.999996185302734,0.0,0,Guilds_of_Ravnica_Foil,/spoiler_lists/Guilds_of_Ravnic_(Foil),/sets/Guilds_of_Ravnica_Foil/Sworn_Companions
-0.009999990463256002,0.0,Card Kingdom,0.6,"Tajic,_Legion's_EdgeGuilds_of_Ravnica_FoiltrueNM-M",0,1.22,"http://s.mtgprice.com/sets/Guilds_of_Ravnica/img/Tajic, Legion's Edge.full.jpg",True,1.22,TCG Player,"Tajic, Legion's Edge",-0.813007354736328,0.0,0,Guilds_of_Ravnica_Foil,/spoiler_lists/Guilds_of_Ravnic_(Foil),"/sets/Guilds_of_Ravnica_Foil/Tajic,_Legion's_Edge"
0.0,0.0,ABUGames,0.06,Take_HeartGuilds_of_Ravnica_FoiltrueNM-M,0,0.18,http://s.mtgprice.com/sets/Guilds_of_Ravnica/img/Take Heart.full.jpg,True,0.18,TCG Player,Take Heart,0.0,0.0,0,Guilds_of_Ravnica_Foil,/spoiler_lists/Guilds_of_Ravnic_(Foil),/sets/Guilds_of_Ravnica_Foil/Take_Heart
0.829999923706054,0.0,Card Kingdom,10.8,Temple_GardenGuilds_of_Ravnica_FoiltrueNM-M,0,14.85,http://s.mtgprice.com/sets/Guilds_of_Ravnica/img/Temple Garden.full.jpg,True,14.85,TCG Player,Temple Garden,5.9201130867004395,0.0,0,Guilds_of_Ravnica_Foil,/spoiler_lists/Guilds_of_Ravnic_(Foil),/sets/Guilds_of_Ravnica_Foil/Temple_Garden
0.0,0.0,ChannelFireball,0.05,Tenth_District_GuardGuilds_of_Ravnica_FoiltrueNM-M,0,0.07,http://s.mtgprice.com/sets/Guilds_of_Ravnica/img/Tenth District Guard.full.jpg,True,0.07,TCG Player,Tenth District Guard,0.0,0.0,0,Guilds_of_Ravnica_Foil,/spoiler_lists/Guilds_of_Ravnic_(Foil),/sets/Guilds_of_Ravnica_Foil/Tenth_District_Guard
-0.659999847412109,-0.7599997520446771,StrikeZone,2.0,Thief_of_SanityGuilds_of_Ravnica_FoiltrueNM-M,0,3.4,http://s.mtgprice.com/sets/Guilds_of_Ravnica/img/Thief of Sanity.full.jpg,True,3.4,TCG Player,Thief of Sanity,-16.256153106689453,-18.26922607421875,0,Guilds_of_Ravnica_Foil,/spoiler_lists/Guilds_of_Ravnic_(Foil),/sets/Guilds_of_Ravnica_Foil/Thief_of_Sanity
0.0,0.0,Card Kingdom,0.75,Thought_ErasureGuilds_of_Ravnica_FoiltrueNM-M,0,1.98,http://s.mtgprice.com/sets/Guilds_of_Ravnica/img/Thought Erasure.full.jpg,True,1.98,TCG Player,Thought Erasure,0.0,0.0,0,Guilds_of_Ravnica_Foil,/spoiler_lists/Guilds_of_Ravnic_(Foil),/sets/Guilds_of_Ravnica_Foil/Thought_Erasure
0.0,0.0,Card Kingdom,0.08,Thoughtbound_PhantasmGuilds_of_Ravnica_FoiltrueNM-M,0,0.29,http://s.mtgprice.com/sets/Guilds_of_Ravnica/img/Thoughtbound Phantasm.full.jpg,True,0.29,TCG Player,Thoughtbound Phantasm,0.0,0.0,0,Guilds_of_Ravnica_Foil,/spoiler_lists/Guilds_of_Ravnic_(Foil),/sets/Guilds_of_Ravnica_Foil/Thoughtbound_Phantasm
0.45000028610229403,0.0,StrikeZone,4.0,Thousand-Year_StormGuilds_of_Ravnica_FoiltrueNM-M,0,6.84,http://s.mtgprice.com/sets/Guilds_of_Ravnica/img/Thousand-Year Storm.full.jpg,True,6.84,TCG Player,Thousand-Year Storm,7.042258262634277,0.0,0,Guilds_of_Ravnica_Foil,/spoiler_lists/Guilds_of_Ravnic_(Foil),/sets/Guilds_of_Ravnica_Foil/Thousand-Year_Storm
0.019999980926513002,0.009999990463256002,ABUGames,0.21,Torch_CourierGuilds_of_Ravnica_FoiltrueNM-M,0,1.16,http://s.mtgprice.com/sets/Guilds_of_Ravnica/img/Torch Courier.full.jpg,True,0.49,CoolStuff,Torch Courier,1.7543842792510982,0.869564414024353,0,Guilds_of_Ravnica_Foil,/spoiler_lists/Guilds_of_Ravnic_(Foil),/sets/Guilds_of_Ravnica_Foil/Torch_Courier
-0.019999980926513002,0.0,TCG Player,1.82,Trostani_DiscordantGuilds_of_Ravnica_FoiltrueNM-M,0,3.47,http://s.mtgprice.com/sets/Guilds_of_Ravnica/img/Trostani Discordant.full.jpg,True,2.49,CoolStuff,Trostani Discordant,-0.5730653405189511,0.0,0,Guilds_of_Ravnica_Foil,/spoiler_lists/Guilds_of_Ravnic_(Foil),/sets/Guilds_of_Ravnica_Foil/Trostani_Discordant
0.0,0.0,ABUGames,0.19,Truefire_CaptainGuilds_of_Ravnica_FoiltrueNM-M,0,0.66,http://s.mtgprice.com/sets/Guilds_of_Ravnica/img/Truefire Captain.full.jpg,True,0.49,Card Kingdom,Truefire Captain,0.0,0.0,0,Guilds_of_Ravnica_Foil,/spoiler_lists/Guilds_of_Ravnic_(Foil),/sets/Guilds_of_Ravnica_Foil/Truefire_Captain
0.0,0.0,ChannelFireball,0.05,Undercity_NecroliskGuilds_of_Ravnica_FoiltrueNM-M,0,0.1,http://s.mtgprice.com/sets/Guilds_of_Ravnica/img/Undercity Necrolisk.full.jpg,True,0.1,TCG Player,Undercity Necrolisk,0.0,0.0,0,Guilds_of_Ravnica_Foil,/spoiler_lists/Guilds_of_Ravnic_(Foil),/sets/Guilds_of_Ravnica_Foil/Undercity_Necrolisk
0.0,0.0,ChannelFireball,0.05,Undercity_UprisingGuilds_of_Ravnica_FoiltrueNM-M,0,0.14,http://s.mtgprice.com/sets/Guilds_of_Ravnica/img/Undercity Uprising.full.jpg,True,0.14,TCG Player,Undercity Uprising,0.0,0.0,0,Guilds_of_Ravnica_Foil,/spoiler_lists/Guilds_of_Ravnic_(Foil),/sets/Guilds_of_Ravnica_Foil/Undercity_Uprising
-0.019999980926513002,0.0,StrikeZone,3.0,Underrealm_LichGuilds_of_Ravnica_FoiltrueNM-M,0,4.83,http://s.mtgprice.com/sets/Guilds_of_Ravnica/img/Underrealm Lich.full.jpg,True,4.83,TCG Player,Underrealm Lich,-0.41237074136734003,0.0,0,Guilds_of_Ravnica_Foil,/spoiler_lists/Guilds_of_Ravnic_(Foil),/sets/Guilds_of_Ravnica_Foil/Underrealm_Lich
-0.7800000309944151,0.0,Card Kingdom,0.05,Unexplained_DisappearanceGuilds_of_Ravnica_FoiltrueNM-M,0,0.14,http://s.mtgprice.com/sets/Guilds_of_Ravnica/img/Unexplained Disappearance.full.jpg,True,0.14,TCG Player,Unexplained Disappearance,-84.7826156616211,0.0,0,Guilds_of_Ravnica_Foil,/spoiler_lists/Guilds_of_Ravnic_(Foil),/sets/Guilds_of_Ravnica_Foil/Unexplained_Disappearance
-0.220000267028808,0.0,ABUGames,2.2,Unmoored_EgoGuilds_of_Ravnica_FoiltrueNM-M,0,5.08,http://s.mtgprice.com/sets/Guilds_of_Ravnica/img/Unmoored Ego.full.jpg,True,2.99,CoolStuff,Unmoored Ego,-4.150948524475098,0.0,0,Guilds_of_Ravnica_Foil,/spoiler_lists/Guilds_of_Ravnic_(Foil),/sets/Guilds_of_Ravnica_Foil/Unmoored_Ego
0.0,0.0,ChannelFireball,0.05,Urban_UtopiaGuilds_of_Ravnica_FoiltrueNM-M,0,0.09,http://s.mtgprice.com/sets/Guilds_of_Ravnica/img/Urban Utopia.full.jpg,True,0.09,TCG Player,Urban Utopia,0.0,0.0,0,Guilds_of_Ravnica_Foil,/spoiler_lists/Guilds_of_Ravnic_(Foil),/sets/Guilds_of_Ravnica_Foil/Urban_Utopia
0.0,0.0,ChannelFireball,0.05,Vedalken_MesmeristGuilds_of_Ravnica_FoiltrueNM-M,0,0.12,http://s.mtgprice.com/sets/Guilds_of_Ravnica/img/Vedalken Mesmerist.full.jpg,True,0.12,TCG Player,Vedalken Mesmerist,0.0,0.0,0,Guilds_of_Ravnica_Foil,/spoiler_lists/Guilds_of_Ravnic_(Foil),/sets/Guilds_of_Ravnica_Foil/Vedalken_Mesmerist
0.0,0.0,ABUGames,0.02,Veiled_ShadeGuilds_of_Ravnica_FoiltrueNM-M,0,0.05,http://s.mtgprice.com/sets/Guilds_of_Ravnica/img/Veiled Shade.full.jpg,True,0.05,TCG Player,Veiled Shade,0.0,0.0,0,Guilds_of_Ravnica_Foil,/spoiler_lists/Guilds_of_Ravnic_(Foil),/sets/Guilds_of_Ravnica_Foil/Veiled_Shade
-0.020000100135803,0.0,ABUGames,0.54,Venerated_LoxodonGuilds_of_Ravnica_FoiltrueNM-M,0,1.17,http://s.mtgprice.com/sets/Guilds_of_Ravnica/img/Venerated Loxodon.full.jpg,True,0.79,Card Kingdom,Venerated Loxodon,-1.680680513381958,0.0,0,Guilds_of_Ravnica_Foil,/spoiler_lists/Guilds_of_Ravnic_(Foil),/sets/Guilds_of_Ravnica_Foil/Venerated_Loxodon
0.0,0.0,ABUGames,0.02,Vernadi_ShieldmateGuilds_of_Ravnica_FoiltrueNM-M,0,0.88,http://s.mtgprice.com/sets/Guilds_of_Ravnica/img/Vernadi Shieldmate.full.jpg,True,0.19,ABUGames,Vernadi Shieldmate,0.0,0.0,0,Guilds_of_Ravnica_Foil,/spoiler_lists/Guilds_of_Ravnic_(Foil),/sets/Guilds_of_Ravnica_Foil/Vernadi_Shieldmate
-0.019999980926513002,0.0,ABUGames,0.21,Vicious_RumorsGuilds_of_Ravnica_FoiltrueNM-M,0,0.98,http://s.mtgprice.com/sets/Guilds_of_Ravnica/img/Vicious Rumors.full.jpg,True,0.49,Card Kingdom,Vicious Rumors,-1.9999980926513672,0.0,0,Guilds_of_Ravnica_Foil,/spoiler_lists/Guilds_of_Ravnic_(Foil),/sets/Guilds_of_Ravnica_Foil/Vicious_Rumors
0.0,0.0,ChannelFireball,0.05,Vigorspore_WurmGuilds_of_Ravnica_FoiltrueNM-M,0,0.09,http://s.mtgprice.com/sets/Guilds_of_Ravnica/img/Vigorspore Wurm.full.jpg,True,0.09,TCG Player,Vigorspore Wurm,0.0,0.0,0,Guilds_of_Ravnica_Foil,/spoiler_lists/Guilds_of_Ravnic_(Foil),/sets/Guilds_of_Ravnica_Foil/Vigorspore_Wurm
0.0,0.06000000238418501,ChannelFireball,0.25,Vivid_RevivalGuilds_of_Ravnica_FoiltrueNM-M,0,0.99,http://s.mtgprice.com/sets/Guilds_of_Ravnica/img/Vivid Revival.full.jpg,True,0.49,Card Kingdom,Vivid Revival,0.0,6.451613426208496,0,Guilds_of_Ravnica_Foil,/spoiler_lists/Guilds_of_Ravnic_(Foil),/sets/Guilds_of_Ravnica_Foil/Vivid_Revival
0.0,0.0,UNDEFINED,0.0,Vraska's_StoneglareGuilds_of_Ravnica_FoiltrueNM-M,0,0.0,http://s.mtgprice.com/sets/Guilds_of_Ravnica/img/Vraska's Stoneglare.full.jpg,True,999999.0,Unknown,Vraska's Stoneglare,,,0,Guilds_of_Ravnica_Foil,/spoiler_lists/Guilds_of_Ravnic_(Foil),/sets/Guilds_of_Ravnica_Foil/Vraska's_Stoneglare
0.0,0.0,TCG Player,13.57,"Vraska,_Golgari_QueenGuilds_of_Ravnica_FoiltrueNM-M",0,15.05,"http://s.mtgprice.com/sets/Guilds_of_Ravnica/img/Vraska, Golgari Queen.full.jpg",True,15.05,TCG Player,"Vraska, Golgari Queen",0.0,0.0,0,Guilds_of_Ravnica_Foil,/spoiler_lists/Guilds_of_Ravnic_(Foil),"/sets/Guilds_of_Ravnica_Foil/Vraska,_Golgari_Queen"
0.0,0.0,CoolStuff,1.0,"Vraska,_Regal_GorgonGuilds_of_Ravnica_FoiltrueNM-M",0,1.6400000000000001,"http://s.mtgprice.com/sets/Guilds_of_Ravnica/img/Vraska, Regal Gorgon.full.jpg",True,1.64,TCG Player,"Vraska, Regal Gorgon",0.0,0.0,0,Guilds_of_Ravnica_Foil,/spoiler_lists/Guilds_of_Ravnic_(Foil),"/sets/Guilds_of_Ravnica_Foil/Vraska,_Regal_Gorgon"
0.020000003278255,0.0,Card Kingdom,0.06,Wall_of_MistGuilds_of_Ravnica_FoiltrueNM-M,0,0.14,http://s.mtgprice.com/sets/Guilds_of_Ravnica/img/Wall of Mist.full.jpg,True,0.14,TCG Player,Wall of Mist,16.666669845581055,0.0,0,Guilds_of_Ravnica_Foil,/spoiler_lists/Guilds_of_Ravnic_(Foil),/sets/Guilds_of_Ravnica_Foil/Wall_of_Mist
0.0,0.0,ABUGames,0.07,Wand_of_VertebraeGuilds_of_Ravnica_FoiltrueNM-M,0,0.33,http://s.mtgprice.com/sets/Guilds_of_Ravnica/img/Wand of Vertebrae.full.jpg,True,0.33,TCG Player,Wand of Vertebrae,0.0,0.0,0,Guilds_of_Ravnica_Foil,/spoiler_lists/Guilds_of_Ravnic_(Foil),/sets/Guilds_of_Ravnica_Foil/Wand_of_Vertebrae
0.0,0.0,ABUGames,0.02,Wary_OkapiGuilds_of_Ravnica_FoiltrueNM-M,0,0.1,http://s.mtgprice.com/sets/Guilds_of_Ravnica/img/Wary Okapi.full.jpg,True,0.1,TCG Player,Wary Okapi,0.0,0.0,0,Guilds_of_Ravnica_Foil,/spoiler_lists/Guilds_of_Ravnic_(Foil),/sets/Guilds_of_Ravnica_Foil/Wary_Okapi
0.0,-0.829999983310699,ChannelFireball,0.05,Watcher_in_the_MistGuilds_of_Ravnica_FoiltrueNM-M,0,0.07,http://s.mtgprice.com/sets/Guilds_of_Ravnica/img/Watcher in the Mist.full.jpg,True,0.07,TCG Player,Watcher in the Mist,0.0,-92.22222900390625,0,Guilds_of_Ravnica_Foil,/spoiler_lists/Guilds_of_Ravnic_(Foil),/sets/Guilds_of_Ravnica_Foil/Watcher_in_the_Mist
-1.9799995422363281,0.0,StrikeZone,14.0,Watery_GraveGuilds_of_Ravnica_FoiltrueNM-M,0,19.98,http://s.mtgprice.com/sets/Guilds_of_Ravnica/img/Watery Grave.full.jpg,True,19.98,TCG Player,Watery Grave,-9.01639175415039,0.0,0,Guilds_of_Ravnica_Foil,/spoiler_lists/Guilds_of_Ravnic_(Foil),/sets/Guilds_of_Ravnica_Foil/Watery_Grave
0.030000001192092004,0.0,ABUGames,0.05,Wee_DragonautsGuilds_of_Ravnica_FoiltrueNM-M,0,0.28,http://s.mtgprice.com/sets/Guilds_of_Ravnica/img/Wee Dragonauts.full.jpg,True,0.24,ABUGames,Wee Dragonauts,12.0,0.0,0,Guilds_of_Ravnica_Foil,/spoiler_lists/Guilds_of_Ravnic_(Foil),/sets/Guilds_of_Ravnica_Foil/Wee_Dragonauts
0.0,0.0,ABUGames,0.12,Whisper_AgentGuilds_of_Ravnica_FoiltrueNM-M,0,0.2,http://s.mtgprice.com/sets/Guilds_of_Ravnica/img/Whisper Agent.full.jpg,True,0.2,TCG Player,Whisper Agent,0.0,0.0,0,Guilds_of_Ravnica_Foil,/spoiler_lists/Guilds_of_Ravnic_(Foil),/sets/Guilds_of_Ravnica_Foil/Whisper_Agent
0.0,0.0,ABUGames,0.06,Whispering_SnitchGuilds_of_Ravnica_FoiltrueNM-M,0,0.15,http://s.mtgprice.com/sets/Guilds_of_Ravnica/img/Whispering Snitch.full.jpg,True,0.15,TCG Player,Whispering Snitch,0.0,0.0,0,Guilds_of_Ravnica_Foil,/spoiler_lists/Guilds_of_Ravnic_(Foil),/sets/Guilds_of_Ravnica_Foil/Whispering_Snitch
0.0,0.0,ABUGames,0.02,Wild_CeratokGuilds_of_Ravnica_FoiltrueNM-M,0,0.8300000000000001,http://s.mtgprice.com/sets/Guilds_of_Ravnica/img/Wild Ceratok.full.jpg,True,0.19,ABUGames,Wild Ceratok,0.0,0.0,0,Guilds_of_Ravnica_Foil,/spoiler_lists/Guilds_of_Ravnic_(Foil),/sets/Guilds_of_Ravnica_Foil/Wild_Ceratok
0.0,0.0,ChannelFireball,0.05,Wishcoin_CrabGuilds_of_Ravnica_FoiltrueNM-M,0,0.06,http://s.mtgprice.com/sets/Guilds_of_Ravnica/img/Wishcoin Crab.full.jpg,True,0.06,TCG Player,Wishcoin Crab,0.0,0.0,0,Guilds_of_Ravnica_Foil,/spoiler_lists/Guilds_of_Ravnic_(Foil),/sets/Guilds_of_Ravnica_Foil/Wishcoin_Crab
0.0,0.0,ChannelFireball,0.05,Wojek_BodyguardGuilds_of_Ravnica_FoiltrueNM-M,0,0.1,http://s.mtgprice.com/sets/Guilds_of_Ravnica/img/Wojek Bodyguard.full.jpg,True,0.1,TCG Player,Wojek Bodyguard,0.0,0.0,0,Guilds_of_Ravnica_Foil,/spoiler_lists/Guilds_of_Ravnic_(Foil),/sets/Guilds_of_Ravnica_Foil/Wojek_Bodyguard
0.0,0.0,ABUGames,0.05,Worldsoul_ColossusGuilds_of_Ravnica_FoiltrueNM-M,0,0.12,http://s.mtgprice.com/sets/Guilds_of_Ravnica/img/Worldsoul Colossus.full.jpg,True,0.12,TCG Player,Worldsoul Colossus,0.0,0.0,0,Guilds_of_Ravnica_Foil,/spoiler_lists/Guilds_of_Ravnic_(Foil),/sets/Guilds_of_Ravnica_Foil/Worldsoul_Colossus
